[{"codename":"qp","cnName":"QP","jpName":"QP","enName":"QP","type":"General","wikiLinks":{}},{"codename":"crystallize","cnName":"传承结晶","jpName":"伝承結晶","enName":"Crystallized Lore","type":"General","wikiLinks":{}},{"codename":"holy_grail","cnName":"圣杯","jpName":"聖杯","enName":"Holy Grail","type":"General","wikiLinks":{"Mooncell":"https://fgo.wiki/圣杯"}},{"codename":"saber_piece","cnName":"剑阶银棋","jpName":"セイバーピース","enName":"Saber Piece","type":"Piece","wikiLinks":{"Mooncell":"https://fgo.wiki/剑阶银棋"}},{"codename":"archer_piece","cnName":"弓阶银棋","jpName":"アーチャーピース","enName":"Archer Piece","type":"Piece","wikiLinks":{"Mooncell":"https://fgo.wiki/弓阶银棋"}},{"codename":"lancer_piece","cnName":"枪阶银棋","jpName":"ランサーピース","enName":"Lancer Piece","type":"Piece","wikiLinks":{"Mooncell":"https://fgo.wiki/枪阶银棋"}},{"codename":"rider_piece","cnName":"骑阶银棋","jpName":"ライダーピース","enName":"Rider Piece","type":"Piece","wikiLinks":{"Mooncell":"https://fgo.wiki/骑阶银棋"}},{"codename":"caster_piece","cnName":"术阶银棋","jpName":"キャスターピース","enName":"Caster Piece","type":"Piece","wikiLinks":{"Mooncell":"https://fgo.wiki/术阶银棋"}},{"codename":"assassin_piece","cnName":"杀阶银棋","jpName":"アサシンピース","enName":"Assassin Piece","type":"Piece","wikiLinks":{"Mooncell":"https://fgo.wiki/杀阶银棋"}},{"codename":"berserker_piece","cnName":"狂阶银棋","jpName":"バーサーカーピース","enName":"Berserker Piece","type":"Piece","wikiLinks":{"Mooncell":"https://fgo.wiki/狂阶银棋"}},{"codename":"saber_monument","cnName":"剑阶金像","jpName":"セイバーモニュメント","enName":"Saber Monument","type":"Piece","wikiLinks":{"Mooncell":"https://fgo.wiki/剑阶金像"}},{"codename":"archer_monument","cnName":"弓阶金像","jpName":"アーチャーモニュメント","enName":"Archer Monument","type":"Piece","wikiLinks":{"Mooncell":"https://fgo.wiki/弓阶金像"}},{"codename":"lancer_monument","cnName":"枪阶金像","jpName":"ランサーモニュメント","enName":"Lancer Monument","type":"Piece","wikiLinks":{"Mooncell":"https://fgo.wiki/枪阶金像"}},{"codename":"rider_monument","cnName":"骑阶金像","jpName":"ライダーモニュメント","enName":"Rider Monument","type":"Piece","wikiLinks":{"Mooncell":"https://fgo.wiki/骑阶金像"}},{"codename":"caster_monument","cnName":"术阶金像","jpName":"キャスターモニュメント","enName":"Caster Monument","type":"Piece","wikiLinks":{"Mooncell":"https://fgo.wiki/术阶金像"}},{"codename":"assassin_monument","cnName":"杀阶金像","jpName":"アサシンモニュメント","enName":"Assassin Monument","type":"Piece","wikiLinks":{"Mooncell":"https://fgo.wiki/杀阶金像"}},{"codename":"berserker_monument","cnName":"狂阶金像","jpName":"バーサーカーモニュメント","enName":"Berserket Monument","type":"Piece","wikiLinks":{"Mooncell":"https://fgo.wiki/狂阶金像"}},{"codename":"saber_shinning_gem","cnName":"剑之辉石","jpName":"剣の輝石","enName":"Shining Gem of Swords","type":"Gem","wikiLinks":{"Mooncell":"https://fgo.wiki/剑之辉石"}},{"codename":"archer_shinning_gem","cnName":"弓之辉石","jpName":"弓の輝石","enName":"Shining Gem of Bows","type":"Gem","wikiLinks":{"Mooncell":"https://fgo.wiki/弓之辉石"}},{"codename":"lancer_shinning_gem","cnName":"枪之辉石","jpName":"槍の輝石","enName":"Shining Gem of Lances","type":"Gem","wikiLinks":{"Mooncell":"https://fgo.wiki/枪之辉石"}},{"codename":"rider_shinning_gem","cnName":"骑之辉石","jpName":"騎の輝石","enName":"Shining Gem of Cavalry","type":"Gem","wikiLinks":{"Mooncell":"https://fgo.wiki/骑之辉石"}},{"codename":"caster_shinning_gem","cnName":"术之辉石","jpName":"術の輝石","enName":"Shining Gem of Spells","type":"Gem","wikiLinks":{"Mooncell":"https://fgo.wiki/术之辉石"}},{"codename":"assassin_shinning_gem","cnName":"杀之辉石","jpName":"殺の輝石","enName":"Shining Gem of Killing","type":"Gem","wikiLinks":{"Mooncell":"https://fgo.wiki/杀之辉石"}},{"codename":"berserker_shinning_gem","cnName":"狂之辉石","jpName":"狂の輝石","enName":"Shining Gem of Madness","type":"Gem","wikiLinks":{"Mooncell":"https://fgo.wiki/狂之辉石"}},{"codename":"saber_magic_gem","cnName":"剑之魔石","jpName":"剣の魔石","enName":"Magic Gem of Swords","type":"Gem","wikiLinks":{"Mooncell":"https://fgo.wiki/剑之魔石"}},{"codename":"archer_magic_gem","cnName":"弓之魔石","jpName":"弓の魔石","enName":"Magic Gem of Bows","type":"Gem","wikiLinks":{"Mooncell":"https://fgo.wiki/弓之魔石"}},{"codename":"lancer_magic_gem","cnName":"枪之魔石","jpName":"槍の魔石","enName":"Magic Gem of Lances","type":"Gem","wikiLinks":{"Mooncell":"https://fgo.wiki/枪之魔石"}},{"codename":"rider_magic_gem","cnName":"骑之魔石","jpName":"騎の魔石","enName":"Magic Gem of Cavalry","type":"Gem","wikiLinks":{"Mooncell":"https://fgo.wiki/骑之魔石"}},{"codename":"caster_magic_gem","cnName":"术之魔石","jpName":"術の魔石","enName":"Magic Gem of Spells","type":"Gem","wikiLinks":{"Mooncell":"https://fgo.wiki/术之魔石"}},{"codename":"assassin_magic_gem","cnName":"杀之魔石","jpName":"殺の魔石","enName":"Magic Gem of Killing","type":"Gem","wikiLinks":{"Mooncell":"https://fgo.wiki/杀之魔石"}},{"codename":"berserker_magic_gem","cnName":"狂之魔石","jpName":"狂の魔石","enName":"Magic Gem of Madness","type":"Gem","wikiLinks":{"Mooncell":"https://fgo.wiki/狂之魔石"}},{"codename":"saber_secret_gem","cnName":"剑之秘石","jpName":"剣の秘石","enName":"Secret Gem of Swords","type":"Gem","wikiLinks":{"Mooncell":"https://fgo.wiki/剑之秘石"}},{"codename":"archer_secret_gem","cnName":"弓之秘石","jpName":"弓の秘石","enName":"Secret Gem of Bows","type":"Gem","wikiLinks":{"Mooncell":"https://fgo.wiki/弓之秘石"}},{"codename":"lancer_secret_gem","cnName":"枪之秘石","jpName":"槍の秘石","enName":"Secret Gem of Lances","type":"Gem","wikiLinks":{"Mooncell":"https://fgo.wiki/枪之秘石"}},{"codename":"rider_secret_gem","cnName":"骑之秘石","jpName":"騎の秘石","enName":"Secret Gem of Cavalry","type":"Gem","wikiLinks":{"Mooncell":"https://fgo.wiki/骑之秘石"}},{"codename":"caster_secret_gem","cnName":"术之秘石","jpName":"術の秘石","enName":"Secret Gem of Spells","type":"Gem","wikiLinks":{"Mooncell":"https://fgo.wiki/术之秘石"}},{"codename":"assassin_secret_gem","cnName":"杀之秘石","jpName":"殺の秘石","enName":"Secret Gem of Killing","type":"Gem","wikiLinks":{"Mooncell":"https://fgo.wiki/杀之秘石"}},{"codename":"berserker_secret_gem","cnName":"狂之秘石","jpName":"狂の秘石","enName":"Secret Gem of Madness","type":"Gem","wikiLinks":{"Mooncell":"https://fgo.wiki/狂之秘石"}},{"codename":"proof","cnName":"英雄之证","jpName":"英雄の証","enName":"Hero\u0027s Proof","type":"Copper","wikiLinks":{"Mooncell":"https://fgo.wiki/英雄之证"}},{"codename":"bone","cnName":"凶骨","jpName":"凶骨","enName":"Unlucky Bone","type":"Copper","wikiLinks":{"Mooncell":"https://fgo.wiki/凶骨"}},{"codename":"fang","cnName":"龙之牙","jpName":"竜の牙","enName":"Dragon Fang","type":"Copper","wikiLinks":{"Mooncell":"https://fgo.wiki/龙之牙"}},{"codename":"refuse","cnName":"虚影之尘","jpName":"虚影の塵","enName":"Void\u0027s Refuse","type":"Copper","wikiLinks":{"Mooncell":"https://fgo.wiki/虚影之尘"}},{"codename":"chain","cnName":"愚者之锁","jpName":"愚者の鎖","enName":"Chains of the Fool","type":"Copper","wikiLinks":{"Mooncell":"https://fgo.wiki/愚者之锁"}},{"codename":"stinger","cnName":"万死的毒针","jpName":"万死の毒針","enName":"Stinger of Certain Death","type":"Copper","wikiLinks":{"Mooncell":"https://fgo.wiki/万死的毒针"}},{"codename":"cerebrospinal","cnName":"魔术髓液","jpName":"魔術髄液","enName":"Magical Cerebrospinal Fluid","type":"Copper","wikiLinks":{"Mooncell":"https://fgo.wiki/魔术髓液"}},{"codename":"stake","cnName":"夜泣铁桩","jpName":"宵哭きの鉄杭","enName":"Night-Weeping Iron Stake","type":"Copper","wikiLinks":{"Mooncell":"https://fgo.wiki/宵哭铁桩"}},{"codename":"gunpowder","cnName":"励振火药","jpName":"励振火薬","enName":"Stimulus Gunpowder","type":"Copper","wikiLinks":{"Mooncell":"https://fgo.wiki/励振火药"}},{"codename":"seed","cnName":"世界树之种","jpName":"世界樹の種","enName":"Yggdrasil Seed","type":"Sliver","wikiLinks":{"Mooncell":"https://fgo.wiki/世界树之种"}},{"codename":"lantern","cnName":"鬼魂提灯","jpName":"ゴーストランタン","enName":"Ghost Lantern","type":"Sliver","wikiLinks":{"Mooncell":"https://fgo.wiki/鬼魂提灯"}},{"codename":"octuplet","cnName":"八连双晶","jpName":"八連双晶","enName":"Octuplet Twin Crystal","type":"Sliver","wikiLinks":{"Mooncell":"https://fgo.wiki/八连双晶"}},{"codename":"jewel","cnName":"蛇之宝玉","jpName":"蛇の宝玉","enName":"Snake Jewel","type":"Sliver","wikiLinks":{"Mooncell":"https://fgo.wiki/蛇之宝玉"}},{"codename":"plume","cnName":"凤凰羽毛","jpName":"鳳凰の羽根","enName":"Phoenix Plume","type":"Sliver","wikiLinks":{"Mooncell":"https://fgo.wiki/凤凰羽毛"}},{"codename":"gear","cnName":"无间齿轮","jpName":"無間の歯車","enName":"Infinity Gear","type":"Sliver","wikiLinks":{"Mooncell":"https://fgo.wiki/无间齿轮"}},{"codename":"page","cnName":"禁断书页","jpName":"Forbidden Page","enName":"禁断の頁","type":"Sliver","wikiLinks":{"Mooncell":"https://fgo.wiki/禁断书页"}},{"codename":"homunculus","cnName":"人造生命体幼体","jpName":"ホムンクルスベビー","enName":"Homunculus Baby","type":"Sliver","wikiLinks":{"Mooncell":"https://fgo.wiki/人工生命体幼体"}},{"codename":"horseshoe","cnName":"陨蹄铁","jpName":"隕蹄鉄","enName":"Meteoric Horseshoe","type":"Sliver","wikiLinks":{"Mooncell":"https://fgo.wiki/陨蹄铁"}},{"codename":"medal","cnName":"大骑士勋章","jpName":"大騎士勲章","enName":"Medal of Great Knight","type":"Sliver","wikiLinks":{"Mooncell":"https://fgo.wiki/大骑士勋章"}},{"codename":"seashell","cnName":"追忆的贝壳","jpName":"追憶の貝殻","enName":"Seashell of Reminiscence","type":"Sliver","wikiLinks":{"Mooncell":"https://fgo.wiki/追忆的贝壳"}},{"codename":"magatama","cnName":"枯淡勾玉","jpName":"枯淡勾玉","enName":"Kotan Magatama","type":"Sliver","wikiLinks":{"Mooncell":"https://fgo.wiki/枯淡勾玉"}},{"codename":"ice","cnName":"永远结冰","jpName":"永遠結氷","enName":"Permafrost Ice Crystal","type":"Sliver","wikiLinks":{"Mooncell":"https://fgo.wiki/永远结冰"}},{"codename":"ring","cnName":"巨人的指轮","jpName":"巨人の指輪","enName":"Giant\u0027s Ring","type":"Sliver","wikiLinks":{"Mooncell":"https://fgo.wiki/巨人的指轮"}},{"codename":"steel","cnName":"极光之钢","jpName":"オーロラ鋼","enName":"Aurora Steel","type":"Sliver","wikiLinks":{"Mooncell":"https://fgo.wiki/极光之钢"}},{"codename":"talon","cnName":"混沌之爪","jpName":"混沌の爪","enName":"Talon of Chaos","type":"Golden","wikiLinks":{"Mooncell":"https://fgo.wiki/混沌之爪"}},{"codename":"heart","cnName":"蛮神心脏","jpName":"蛮神の心臓","enName":"Heart of a Foreign God","type":"Golden","wikiLinks":{"Mooncell":"https://fgo.wiki/蛮神心脏"}},{"codename":"scale","cnName":"龙之逆鳞","jpName":"竜の逆鱗","enName":"Dragon\u0027s Reverse Scale","type":"Golden","wikiLinks":{"Mooncell":"https://fgo.wiki/龙之逆鳞"}},{"codename":"root","cnName":"精灵根","jpName":"精霊根","enName":"Spirit Root","type":"Golden","wikiLinks":{"Mooncell":"https://fgo.wiki/精灵根"}},{"codename":"horn","cnName":"战马的幼角","jpName":"戦馬の幼角","enName":"Warhorse\u0027s Immature Horn","type":"Golden","wikiLinks":{"Mooncell":"https://fgo.wiki/战马的幼角"}},{"codename":"bloodstone","cnName":"血之泪石","jpName":"血の涙石","enName":"Bloodstone Tear","type":"Golden","wikiLinks":{"Mooncell":"https://fgo.wiki/血之泪石"}},{"codename":"tallow","cnName":"黑兽脂","jpName":"黒獣脂","enName":"Black Tallow","type":"Golden","wikiLinks":{"Mooncell":"https://fgo.wiki/黑兽脂"}},{"codename":"lamp","cnName":"封魔之灯","jpName":"封魔のランプ","enName":"Lamp of Demon Sealing","type":"Golden","wikiLinks":{"Mooncell":"https://fgo.wiki/封魔之灯"}},{"codename":"scarab","cnName":"智慧之圣甲虫像","jpName":"智慧のスカラベ","enName":"Scarab of Wisdom","type":"Golden","wikiLinks":{"Mooncell":"https://fgo.wiki/智慧之圣甲虫像"}},{"codename":"lanugo","cnName":"起源的胎毛","jpName":"原初の産毛","enName":"Primordial Lanugo","type":"Golden","wikiLinks":{"Mooncell":"https://fgo.wiki/起源的胎毛"}},{"codename":"cholecyst","cnName":"咒兽胆石","jpName":"呪獣胆石","enName":"Cursed Beast Cholecyst","type":"Golden","wikiLinks":{"Mooncell":"https://fgo.wiki/咒兽胆石"}},{"codename":"wine","cnName":"奇奇神酒","jpName":"奇奇神酒","enName":"Bizarre Godly Wine","type":"Golden","wikiLinks":{"Mooncell":"https://fgo.wiki/奇奇神酒"}},{"codename":"candy","cnName":"闪烁糖果","jpName":"ティンクルキャンディー","enName":"Twinkle Candy","type":"Event","wikiLinks":{}},{"codename":"skull","cnName":"黄金骷髅","jpName":"黄金髑髏","enName":"Golden Skull","type":"Event","wikiLinks":{}},{"codename":"bucket","cnName":"炸鸡桶","jpName":"樽入りチキン","enName":"Chicken Bucket","type":"Event","wikiLinks":{}},{"codename":"knife","cnName":"锋利匕首","jpName":"業物ナイフ","enName":"Sharp Knife","type":"Event","wikiLinks":{}},{"codename":"ball","cnName":"水晶球","jpName":"水晶球","enName":"Crystal Ball","type":"Event","wikiLinks":{}},{"codename":"lighter","cnName":"黄金熊印打火机","jpName":"ゴールデンベアライター","enName":"Golden Bear Lighter","type":"Event","wikiLinks":{}},{"codename":"branch","cnName":"铃鸣之枝","jpName":"鈴鳴りの枝","enName":"Ringing-Bell Branch","type":"Event","wikiLinks":{}},{"codename":"bracelet","cnName":"心形手链","jpName":"ハートのブレスレット","enName":"Heart Bracelet","type":"Event","wikiLinks":{}},{"codename":"orb","cnName":"龙之宝玉","jpName":"竜のオーブ","enName":"Dragon Orb","type":"Event","wikiLinks":{}},{"codename":"doll","cnName":"吉尔·德·雷玩偶","jpName":"ジル･ド･レェ人形","enName":"Gilles de Rais Doll","type":"Event","wikiLinks":{}},{"codename":"ranjatai","cnName":"兰奢待","jpName":"蘭奢待","enName":"Ranjatai","type":"Event","wikiLinks":{}},{"codename":"ribbon","cnName":"回忆的缎带","jpName":"思い出のリボン","enName":"Ribbon of Reminiscence​","type":"Event","wikiLinks":{}},{"codename":"reed","cnName":"黄金芦苇","jpName":"黄金の葦","enName":"Golden Reed","type":"Event","wikiLinks":{}},{"codename":"b_pellet","cnName":"B-Pellet","jpName":"Bペレット","enName":"B-Pellet","type":"Event","wikiLinks":{}},{"codename":"moustache","cnName":"圣诞老人的胡须","jpName":"サンタひげ","enName":"Santa Moustache","type":"Event","wikiLinks":{}},{"codename":"leaf","cnName":"遗忘之叶","jpName":"忘れじの葉","enName":"The Forgotten Leaf","type":"Event","wikiLinks":{}},{"codename":"flag","cnName":"海援队旗","jpName":"Kaien Team\u0027s Flag","enName":"海援隊旗","type":"Event","wikiLinks":{}}]