[
    {
        "codename": "christmas2017",
        "zhName": "圣诞三期",
        "enName": "Christmas 3",
        "jaName": "クリスマス２０１７",
        "date": "2017/12/15",
        "storyItems": {
            "archer_monument": 2,
            "lancer_monument": 2,
            "tallow": 1,
            "refuse": 3,
            "crystallize": 1,
            "cholecyst": 5,
            "bloodstone": 1
        },
        "shopItems": {
            "lancer_piece": 20,
            "caster_piece": 20,
            "berserker_piece": 20,
            "lancer_monument": 20,
            "caster_monument": 20,
            "berserker_monument": 20,
            "wine": 10,
            "cholecyst": 10,
            "heart": 10,
            "bloodstone": 20,
            "lamp": 20,
            "lanugo": 20,
            "magatama": 20,
            "horseshoe": 20,
            "chain": 30,
            "stake": 30
        },
        "lotteries": [
            {
                "zhName": "奖池",
                "jaName": "プレゼント抽選",
                "enName": "Lottery",
                "lotteryItems": [
                    {
                        "start": 1,
                        "to": 4,
                        "items": {
                            "moustache": 1,
                            "homunculus": 2,
                            "lantern": 2,
                            "cerebrospinal": 3,
                            "seed": 3,
                            "exp_card": 30,
                            "qp": 4450000,
                            "saber_secret_gem": 1,
                            "archer_secret_gem": 1,
                            "lancer_secret_gem": 1,
                            "rider_secret_gem": 1,
                            "caster_secret_gem": 1,
                            "assassin_secret_gem": 1,
                            "berserker_secret_gem": 1,
                            "saber_magic_gem": 1,
                            "archer_magic_gem": 1,
                            "lancer_magic_gem": 1,
                            "rider_magic_gem": 1,
                            "caster_magic_gem": 1,
                            "assassin_magic_gem": 1,
                            "berserker_magic_gem": 1,
                            "saber_shinning_gem": 1,
                            "archer_shinning_gem": 1,
                            "lancer_shinning_gem": 1,
                            "rider_shinning_gem": 1,
                            "caster_shinning_gem": 1,
                            "assassin_shinning_gem": 1,
                            "berserker_shinning_gem": 1
                        }
                    },
                    {
                        "start": 5,
                        "to": 5,
                        "items": {
                            "homunculus": 2,
                            "lantern": 2,
                            "cerebrospinal": 3,
                            "seed": 3,
                            "exp_card": 30,
                            "qp": 4450000,
                            "saber_secret_gem": 1,
                            "archer_secret_gem": 1,
                            "lancer_secret_gem": 1,
                            "rider_secret_gem": 1,
                            "caster_secret_gem": 1,
                            "assassin_secret_gem": 1,
                            "berserker_secret_gem": 1,
                            "saber_magic_gem": 1,
                            "archer_magic_gem": 1,
                            "lancer_magic_gem": 1,
                            "rider_magic_gem": 1,
                            "caster_magic_gem": 1,
                            "assassin_magic_gem": 1,
                            "berserker_magic_gem": 1,
                            "saber_shinning_gem": 1,
                            "archer_shinning_gem": 1,
                            "lancer_shinning_gem": 1,
                            "rider_shinning_gem": 1,
                            "caster_shinning_gem": 1,
                            "assassin_shinning_gem": 1,
                            "berserker_shinning_gem": 1
                        }
                    },
                    {
                        "start": 6,
                        "to": 6,
                        "items": {
                            "crystallize": 1,
                            "homunculus": 2,
                            "lantern": 2,
                            "cerebrospinal": 3,
                            "seed": 3,
                            "exp_card": 30,
                            "qp": 4450000,
                            "saber_secret_gem": 1,
                            "archer_secret_gem": 1,
                            "lancer_secret_gem": 1,
                            "rider_secret_gem": 1,
                            "caster_secret_gem": 1,
                            "assassin_secret_gem": 1,
                            "berserker_secret_gem": 1,
                            "saber_magic_gem": 1,
                            "archer_magic_gem": 1,
                            "lancer_magic_gem": 1,
                            "rider_magic_gem": 1,
                            "caster_magic_gem": 1,
                            "assassin_magic_gem": 1,
                            "berserker_magic_gem": 1,
                            "saber_shinning_gem": 1,
                            "archer_shinning_gem": 1,
                            "lancer_shinning_gem": 1,
                            "rider_shinning_gem": 1,
                            "caster_shinning_gem": 1,
                            "assassin_shinning_gem": 1,
                            "berserker_shinning_gem": 1
                        }
                    },
                    {
                        "start": 7,
                        "to": 10,
                        "items": {
                            "homunculus": 2,
                            "lantern": 2,
                            "cerebrospinal": 3,
                            "seed": 3,
                            "exp_card": 30,
                            "qp": 4450000,
                            "saber_secret_gem": 1,
                            "archer_secret_gem": 1,
                            "lancer_secret_gem": 1,
                            "rider_secret_gem": 1,
                            "caster_secret_gem": 1,
                            "assassin_secret_gem": 1,
                            "berserker_secret_gem": 1,
                            "saber_magic_gem": 1,
                            "archer_magic_gem": 1,
                            "lancer_magic_gem": 1,
                            "rider_magic_gem": 1,
                            "caster_magic_gem": 1,
                            "assassin_magic_gem": 1,
                            "berserker_magic_gem": 1,
                            "saber_shinning_gem": 1,
                            "archer_shinning_gem": 1,
                            "lancer_shinning_gem": 1,
                            "rider_shinning_gem": 1,
                            "caster_shinning_gem": 1,
                            "assassin_shinning_gem": 1,
                            "berserker_shinning_gem": 1
                        }
                    },
                    {
                        "start": 11,
                        "items": {
                            "homunculus": 2,
                            "lantern": 2,
                            "cerebrospinal": 3,
                            "seed": 3,
                            "exp_card": 30,
                            "qp": 4480000,
                            "saber_secret_gem": 1,
                            "archer_secret_gem": 1,
                            "lancer_secret_gem": 1,
                            "rider_secret_gem": 1,
                            "caster_secret_gem": 1,
                            "assassin_secret_gem": 1,
                            "berserker_secret_gem": 1,
                            "saber_magic_gem": 1,
                            "archer_magic_gem": 1,
                            "lancer_magic_gem": 1,
                            "rider_magic_gem": 1,
                            "caster_magic_gem": 1,
                            "assassin_magic_gem": 1,
                            "berserker_magic_gem": 1,
                            "saber_shinning_gem": 1,
                            "archer_shinning_gem": 1,
                            "lancer_shinning_gem": 1,
                            "rider_shinning_gem": 1,
                            "caster_shinning_gem": 1,
                            "assassin_shinning_gem": 1,
                            "berserker_shinning_gem": 1
                        }
                    }
                ]
            }
        ]
    },
    {
        "codename": "re_counterfeit",
        "zhName": "赝作复刻",
        "enName": "Counterfeit Re-run Ver.",
        "jaName": "贋作英霊復刻版",
        "date": "2018/01/10",
        "isRerun": true,
        "storyItems": {
            "saber_piece": 2,
            "archer_piece": 1,
            "lancer_piece": 1,
            "rider_piece": 2,
            "caster_piece": 3,
            "assassin_piece": 2,
            "berserker_piece": 2,
            "saber_monument": 3,
            "archer_monument": 3,
            "lancer_monument": 3,
            "rider_monument": 3,
            "caster_monument": 4,
            "assassin_monument": 4,
            "berserker_monument": 4,
            "refuse": 2,
            "crystallize": 2,
            "heart": 1
        },
        "storyItemsIfNotParticipated": {
            "holy_grail": 1
        },
        "storyItemsIfParticipated": {
            "crystallize": 1
        },
        "shopItems": {
            "root": 20,
            "heart": 20,
            "bloodstone": 20,
            "saber_secret_gem": 20,
            "archer_secret_gem": 20,
            "lancer_secret_gem": 20,
            "rider_secret_gem": 20,
            "caster_secret_gem": 20,
            "assassin_secret_gem": 20,
            "berserker_secret_gem": 20,
            "tallow": 20,
            "talon": 20,
            "plume": 20,
            "saber_magic_gem": 20,
            "archer_magic_gem": 20,
            "lancer_magic_gem": 20,
            "rider_magic_gem": 20,
            "caster_magic_gem": 20,
            "assassin_magic_gem": 20,
            "berserker_magic_gem": 20,
            "horn": 20,
            "lantern": 20,
            "homunculus": 20,
            "saber_shinning_gem": 20,
            "archer_shinning_gem": 20,
            "lancer_shinning_gem": 20,
            "rider_shinning_gem": 20,
            "caster_shinning_gem": 20,
            "assassin_shinning_gem": 20,
            "berserker_shinning_gem": 20
        },
        "lotteries": [
            {
                "zhName": "真品交换所",
                "jaName": "真作交換所",
                "enName": "Real Manuscript",
                "lotteryItems": [
                    {
                        "start": 1,
                        "to": 5,
                        "items": {
                            "horseshoe": 2,
                            "octuplet": 2,
                            "fang": 4,
                            "proof": 4,
                            "exp_card": 35,
                            "qp": 5400000,
                            "saber_monument": 2,
                            "archer_monument": 2,
                            "lancer_monument": 2,
                            "saber_piece": 4,
                            "archer_piece": 4,
                            "lancer_piece": 4
                        }
                    },
                    {
                        "start": 6,
                        "to": 6,
                        "items": {
                            "crystallize": 1,
                            "horseshoe": 2,
                            "octuplet": 2,
                            "fang": 4,
                            "proof": 4,
                            "exp_card": 35,
                            "qp": 5400000,
                            "saber_monument": 2,
                            "archer_monument": 2,
                            "lancer_monument": 2,
                            "saber_piece": 4,
                            "archer_piece": 4,
                            "lancer_piece": 4
                        }
                    },
                    {
                        "start": 7,
                        "to": 10,
                        "items": {
                            "horseshoe": 2,
                            "octuplet": 2,
                            "fang": 4,
                            "proof": 4,
                            "exp_card": 35,
                            "qp": 5400000,
                            "saber_monument": 2,
                            "archer_monument": 2,
                            "lancer_monument": 2,
                            "saber_piece": 4,
                            "archer_piece": 4,
                            "lancer_piece": 4
                        }
                    },
                    {
                        "start": 11,
                        "items": {
                            "horseshoe": 2,
                            "octuplet": 2,
                            "fang": 4,
                            "proof": 4,
                            "exp_card": 35,
                            "qp": 5440000,
                            "saber_monument": 2,
                            "archer_monument": 2,
                            "lancer_monument": 2,
                            "saber_piece": 4,
                            "archer_piece": 4,
                            "lancer_piece": 4
                        }
                    }
                ]
            },
            {
                "zhName": "赝品交换所",
                "jaName": "贋作交換所",
                "enName": "Fake Manuscript",
                "lotteryItems": [
                    {
                        "start": 1,
                        "to": 5,
                        "items": {
                            "page": 2,
                            "jewel": 2,
                            "refuse": 4,
                            "bone": 4,
                            "exp_card": 30,
                            "qp": 5400000,
                            "rider_monument": 2,
                            "caster_monument": 2,
                            "assassin_monument": 2,
                            "berserker_monument": 2,
                            "rider_piece": 4,
                            "caster_piece": 4,
                            "assassin_piece": 4,
                            "berserker_piece": 4
                        }
                    },
                    {
                        "start": 6,
                        "to": 6,
                        "items": {
                            "crystallize": 1,
                            "page": 2,
                            "jewel": 2,
                            "refuse": 4,
                            "bone": 4,
                            "exp_card": 30,
                            "qp": 5400000,
                            "rider_monument": 2,
                            "caster_monument": 2,
                            "assassin_monument": 2,
                            "berserker_monument": 2,
                            "rider_piece": 4,
                            "caster_piece": 4,
                            "assassin_piece": 4,
                            "berserker_piece": 4
                        }
                    },
                    {
                        "start": 7,
                        "to": 10,
                        "items": {
                            "page": 2,
                            "jewel": 2,
                            "refuse": 4,
                            "bone": 4,
                            "exp_card": 30,
                            "qp": 5400000,
                            "rider_monument": 2,
                            "caster_monument": 2,
                            "assassin_monument": 2,
                            "berserker_monument": 2,
                            "rider_piece": 4,
                            "caster_piece": 4,
                            "assassin_piece": 4,
                            "berserker_piece": 4
                        }
                    },
                    {
                        "start": 11,
                        "items": {
                            "page": 2,
                            "jewel": 2,
                            "refuse": 4,
                            "bone": 4,
                            "exp_card": 30,
                            "qp": 5440000,
                            "rider_monument": 2,
                            "caster_monument": 2,
                            "assassin_monument": 2,
                            "berserker_monument": 2,
                            "rider_piece": 4,
                            "caster_piece": 4,
                            "assassin_piece": 4,
                            "berserker_piece": 4
                        }
                    }
                ]
            }
        ]
    },
    {
        "codename": "setsubun",
        "zhName": "鬼乐百重塔",
        "enName": "Setsubun",
        "jaName": "鬼楽百重塔",
        "date": "2018/01/24",
        "storyItems": {
            "crystallize": 1,
            "archer_monument": 1,
            "cerebrospinal": 2
        },
        "pointPools": [
            {
                "zhName": "百重塔",
                "jaName": "百重塔",
                "enName": "Hundred-Storey Pagoda",
                "pointItems": [
                    {
                        "requestPoint": 1,
                        "items": {
                            "bone": 1
                        }
                    },
                    {
                        "requestPoint": 2,
                        "items": {
                            "fang": 1,
                            "saber_piece": 3
                        }
                    },
                    {
                        "requestPoint": 3,
                        "items": {
                            "lantern": 1,
                            "exp_card": 5
                        }
                    },
                    {
                        "requestPoint": 4,
                        "items": {
                            "horseshoe": 1,
                            "archer_piece": 3
                        }
                    },
                    {
                        "requestPoint": 5,
                        "items": {
                            "horn": 1,
                            "root": 5
                        }
                    },
                    {
                        "requestPoint": 6,
                        "items": {
                            "proof": 1,
                            "lancer_piece": 3
                        }
                    },
                    {
                        "requestPoint": 7,
                        "items": {
                            "fang": 1,
                            "exp_card": 5
                        }
                    },
                    {
                        "requestPoint": 8,
                        "items": {
                            "root": 1,
                            "rider_piece": 3
                        }
                    },
                    {
                        "requestPoint": 9,
                        "items": {
                            "lantern": 1,
                            "exp_card": 10
                        }
                    },
                    {
                        "requestPoint": 10,
                        "items": {
                            "page": 1,
                            "lanugo": 5
                        }
                    },
                    {
                        "requestPoint": 11,
                        "items": {
                            "jewel": 1,
                            "exp_card": 5
                        }
                    },
                    {
                        "requestPoint": 12,
                        "items": {
                            "seed": 1,
                            "caster_piece": 3
                        }
                    },
                    {
                        "requestPoint": 13,
                        "items": {
                            "horseshoe": 1,
                            "exp_card": 5
                        }
                    },
                    {
                        "requestPoint": 14,
                        "items": {
                            "jewel": 1,
                            "assassin_piece": 3
                        }
                    },
                    {
                        "requestPoint": 15,
                        "items": {
                            "talon": 1,
                            "qp": 1000000,
                            "cerebrospinal": 5
                        }
                    },
                    {
                        "requestPoint": 16,
                        "items": {
                            "fang": 1,
                            "berserker_piece": 3
                        }
                    },
                    {
                        "requestPoint": 17,
                        "items": {
                            "gear": 1,
                            "exp_card": 5
                        }
                    },
                    {
                        "requestPoint": 18,
                        "items": {
                            "horseshoe": 1,
                            "saber_piece": 3
                        }
                    },
                    {
                        "requestPoint": 19,
                        "items": {
                            "root": 1,
                            "exp_card": 10
                        }
                    },
                    {
                        "requestPoint": 20,
                        "items": {
                            "jewel": 1,
                            "talon": 5
                        }
                    },
                    {
                        "requestPoint": 21,
                        "items": {
                            "proof": 1,
                            "exp_card": 5
                        }
                    },
                    {
                        "requestPoint": 22,
                        "items": {
                            "page": 1,
                            "archer_piece": 3
                        }
                    },
                    {
                        "requestPoint": 23,
                        "items": {
                            "seashell": 1,
                            "exp_card": 5
                        }
                    },
                    {
                        "requestPoint": 24,
                        "items": {
                            "medal": 1,
                            "lancer_piece": 3
                        }
                    },
                    {
                        "requestPoint": 25,
                        "items": {
                            "tallow": 1
                        }
                    },
                    {
                        "requestPoint": 26,
                        "items": {
                            "gear": 1,
                            "rider_piece": 3
                        }
                    },
                    {
                        "requestPoint": 27,
                        "items": {
                            "plume": 1,
                            "exp_card": 5
                        }
                    },
                    {
                        "requestPoint": 28,
                        "items": {
                            "lantern": 1,
                            "caster_piece": 3
                        }
                    },
                    {
                        "requestPoint": 29,
                        "items": {
                            "scale": 1,
                            "exp_card": 10
                        }
                    },
                    {
                        "requestPoint": 30,
                        "items": {
                            "scarab": 1
                        }
                    },
                    {
                        "requestPoint": 31,
                        "items": {
                            "octuplet": 1
                        }
                    },
                    {
                        "requestPoint": 32,
                        "items": {
                            "gear": 1,
                            "assassin_piece": 3
                        }
                    },
                    {
                        "requestPoint": 33,
                        "items": {
                            "jewel": 1,
                            "exp_card": 5
                        }
                    },
                    {
                        "requestPoint": 34,
                        "items": {
                            "jewel": 1,
                            "berserker_piece": 3
                        }
                    },
                    {
                        "requestPoint": 35,
                        "items": {
                            "talon": 1,
                            "qp": 20000000,
                            "root": 5
                        }
                    },
                    {
                        "requestPoint": 36,
                        "items": {
                            "gear": 1,
                            "saber_monument": 3
                        }
                    },
                    {
                        "requestPoint": 37,
                        "items": {
                            "plume": 1,
                            "exp_card": 5
                        }
                    },
                    {
                        "requestPoint": 38,
                        "items": {
                            "plume": 1,
                            "archer_monument": 3
                        }
                    },
                    {
                        "requestPoint": 39,
                        "items": {
                            "heart": 1,
                            "exp_card": 10
                        }
                    },
                    {
                        "requestPoint": 40,
                        "items": {
                            "plume": 1,
                            "page": 1,
                            "lancer_monument": 1,
                            "lanugo": 5
                        }
                    },
                    {
                        "requestPoint": 41,
                        "items": {
                            "cerebrospinal": 1,
                            "exp_card": 5
                        }
                    },
                    {
                        "requestPoint": 42,
                        "items": {
                            "octuplet": 1,
                            "lancer_monument": 3
                        }
                    },
                    {
                        "requestPoint": 43,
                        "items": {
                            "plume": 1,
                            "exp_card": 5
                        }
                    },
                    {
                        "requestPoint": 44,
                        "items": {
                            "gear": 1,
                            "rider_monument": 3
                        }
                    },
                    {
                        "requestPoint": 45,
                        "items": {
                            "jewel": 1,
                            "cerebrospinal": 5
                        }
                    },
                    {
                        "requestPoint": 46,
                        "items": {
                            "magatama": 1,
                            "caster_monument": 3
                        }
                    },
                    {
                        "requestPoint": 47,
                        "items": {
                            "fang": 1,
                            "exp_card": 5
                        }
                    },
                    {
                        "requestPoint": 48,
                        "items": {
                            "bloodstone": 1,
                            "assassin_monument": 3
                        }
                    },
                    {
                        "requestPoint": 49,
                        "items": {
                            "cholecyst": 1,
                            "exp_card": 10
                        }
                    },
                    {
                        "requestPoint": 50,
                        "items": {
                            "saber_monument": 1,
                            "rider_monument": 1,
                            "berserker_monument": 2
                        }
                    },
                    {
                        "requestPoint": 51,
                        "items": {
                            "octuplet": 1,
                            "exp_card": 5
                        }
                    },
                    {
                        "requestPoint": 52,
                        "items": {
                            "cerebrospinal": 1,
                            "berserker_monument": 5
                        }
                    },
                    {
                        "requestPoint": 53,
                        "items": {
                            "refuse": 1,
                            "exp_card": 5
                        }
                    },
                    {
                        "requestPoint": 54,
                        "items": {
                            "plume": 1,
                            "saber_monument": 3
                        }
                    },
                    {
                        "requestPoint": 55,
                        "items": {
                            "fang": 1,
                            "root": 5
                        }
                    },
                    {
                        "requestPoint": 56,
                        "items": {
                            "bone": 1,
                            "archer_monument": 3
                        }
                    },
                    {
                        "requestPoint": 57,
                        "items": {
                            "horseshoe": 1,
                            "exp_card": 5
                        }
                    },
                    {
                        "requestPoint": 58,
                        "items": {
                            "lamp": 1,
                            "lancer_monument": 3
                        }
                    },
                    {
                        "requestPoint": 59,
                        "items": {
                            "scarab": 1,
                            "exp_card": 10
                        }
                    },
                    {
                        "requestPoint": 60,
                        "items": {
                            "caster_monument": 1,
                            "assassin_monument": 1,
                            "berserker_monument": 1
                        }
                    },
                    {
                        "requestPoint": 61,
                        "items": {
                            "plume": 1
                        }
                    },
                    {
                        "requestPoint": 62,
                        "items": {
                            "homunculus": 1,
                            "rider_monument": 3
                        }
                    },
                    {
                        "requestPoint": 63,
                        "items": {
                            "refuse": 1,
                            "exp_card": 5
                        }
                    },
                    {
                        "requestPoint": 64,
                        "items": {
                            "bone": 1,
                            "caster_monument": 3
                        }
                    },
                    {
                        "requestPoint": 65,
                        "items": {
                            "octuplet": 1,
                            "cerebrospinal": 5
                        }
                    },
                    {
                        "requestPoint": 66,
                        "items": {
                            "horseshoe": 1,
                            "assassin_monument": 3
                        }
                    },
                    {
                        "requestPoint": 67,
                        "items": {
                            "page": 1,
                            "exp_card": 5
                        }
                    },
                    {
                        "requestPoint": 68,
                        "items": {
                            "page": 1,
                            "berserker_monument": 3
                        }
                    },
                    {
                        "requestPoint": 69,
                        "items": {
                            "scale": 1,
                            "exp_card": 10
                        }
                    },
                    {
                        "requestPoint": 70,
                        "items": {
                            "saber_monument": 1,
                            "assassin_monument": 1,
                            "wine": 5
                        }
                    },
                    {
                        "requestPoint": 71,
                        "items": {
                            "horseshoe": 1,
                            "chain": 1
                        }
                    },
                    {
                        "requestPoint": 72,
                        "items": {
                            "magatama": 1
                        }
                    },
                    {
                        "requestPoint": 73,
                        "items": {
                            "seashell": 1,
                            "homunculus": 5
                        }
                    },
                    {
                        "requestPoint": 74,
                        "items": {
                            "horseshoe": 1
                        }
                    },
                    {
                        "requestPoint": 75,
                        "items": {
                            "scarab": 1,
                            "qp": 4000000
                        }
                    },
                    {
                        "requestPoint": 76,
                        "items": {
                            "octuplet": 1
                        }
                    },
                    {
                        "requestPoint": 77,
                        "items": {
                            "horn": 1,
                            "talon": 1
                        }
                    },
                    {
                        "requestPoint": 78,
                        "items": {
                            "bone": 1
                        }
                    },
                    {
                        "requestPoint": 79,
                        "items": {
                            "wine": 1,
                            "lanugo": 1
                        }
                    },
                    {
                        "requestPoint": 80,
                        "items": {
                            "archer_monument": 2,
                            "lancer_monument": 1,
                            "rider_monument": 1,
                            "berserker_monument": 1
                        }
                    },
                    {
                        "requestPoint": 81,
                        "items": {
                            "horseshoe": 1,
                            "stake": 1
                        }
                    },
                    {
                        "requestPoint": 82,
                        "items": {
                            "gear": 1
                        }
                    },
                    {
                        "requestPoint": 83,
                        "items": {
                            "octuplet": 1,
                            "horn": 1
                        }
                    },
                    {
                        "requestPoint": 84,
                        "items": {
                            "tallow": 1
                        }
                    },
                    {
                        "requestPoint": 85,
                        "items": {
                            "lanugo": 1
                        }
                    },
                    {
                        "requestPoint": 86,
                        "items": {
                            "magatama": 1
                        }
                    },
                    {
                        "requestPoint": 87,
                        "items": {
                            "horseshoe": 1,
                            "bloodstone": 1
                        }
                    },
                    {
                        "requestPoint": 88,
                        "items": {
                            "plume": 1
                        }
                    },
                    {
                        "requestPoint": 89,
                        "items": {
                            "scarab": 1,
                            "wine": 1
                        }
                    },
                    {
                        "requestPoint": 90,
                        "items": {
                            "berserker_monument": 1
                        }
                    },
                    {
                        "requestPoint": 91,
                        "items": {
                            "gear": 1,
                            "lamp": 1
                        }
                    },
                    {
                        "requestPoint": 92,
                        "items": {
                            "fang": 1
                        }
                    },
                    {
                        "requestPoint": 93,
                        "items": {
                            "cholecyst": 1,
                            "tallow": 1
                        }
                    },
                    {
                        "requestPoint": 94,
                        "items": {
                            "tallow": 1,
                            "bone": 1
                        }
                    },
                    {
                        "requestPoint": 95,
                        "items": {
                            "bone": 1,
                            "octuplet": 1,
                            "root": 1,
                            "cerebrospinal": 5
                        }
                    },
                    {
                        "requestPoint": 96,
                        "items": {
                            "heart": 1,
                            "bone": 1
                        }
                    },
                    {
                        "requestPoint": 97,
                        "items": {
                            "bloodstone": 1,
                            "bone": 1,
                            "cholecyst": 1
                        }
                    },
                    {
                        "requestPoint": 98,
                        "items": {
                            "horn": 1,
                            "plume": 1
                        }
                    },
                    {
                        "requestPoint": 99,
                        "items": {
                            "page": 1,
                            "octuplet": 1,
                            "qp": 5000000
                        }
                    },
                    {
                        "requestPoint": 100,
                        "items": {
                            "assassin_monument": 1
                        }
                    }
                ]
            },
            {
                "zhName": "百重塔（阳炎）",
                "jaName": "百重塔（陽炎）",
                "enName": "Hundred-Storey Pagoda (Heat Haze)",
                "pointItems": [
                    {
                        "requestPoint": 1,
                        "items": {
                            "bone": 1,
                            "cerebrospinal": 1
                        }
                    },
                    {
                        "requestPoint": 2,
                        "items": {
                            "fang": 1
                        }
                    },
                    {
                        "requestPoint": 3,
                        "items": {
                            "lantern": 1,
                            "chain": 1
                        }
                    },
                    {
                        "requestPoint": 4,
                        "items": {
                            "horseshoe": 1,
                            "refuse": 1
                        }
                    },
                    {
                        "requestPoint": 5,
                        "items": {
                            "horn": 1,
                            "magatama": 5
                        }
                    },
                    {
                        "requestPoint": 6,
                        "items": {
                            "proof": 1,
                            "gear": 1
                        }
                    },
                    {
                        "requestPoint": 7,
                        "items": {
                            "fang": 1
                        }
                    },
                    {
                        "requestPoint": 8,
                        "items": {
                            "seed": 1,
                            "page": 1
                        }
                    },
                    {
                        "requestPoint": 9,
                        "items": {
                            "lantern": 1,
                            "homunculus": 1
                        }
                    },
                    {
                        "requestPoint": 10,
                        "items": {
                            "lancer_monument": 1,
                            "berserker_monument": 1,
                            "qp": 1000000,
                            "scale": 5
                        }
                    },
                    {
                        "requestPoint": 11,
                        "items": {
                            "jewel": 1
                        }
                    },
                    {
                        "requestPoint": 12,
                        "items": {
                            "seed": 1,
                            "proof": 1
                        }
                    },
                    {
                        "requestPoint": 13,
                        "items": {
                            "horseshoe": 1,
                            "bone": 1
                        }
                    },
                    {
                        "requestPoint": 14,
                        "items": {
                            "jewel": 1,
                            "stake": 1
                        }
                    },
                    {
                        "requestPoint": 15,
                        "items": {
                            "talon": 1,
                            "lantern": 5
                        }
                    },
                    {
                        "requestPoint": 16,
                        "items": {
                            "fang": 1,
                            "root": 1
                        }
                    },
                    {
                        "requestPoint": 17,
                        "items": {
                            "gear": 1
                        }
                    },
                    {
                        "requestPoint": 18,
                        "items": {
                            "horseshoe": 1,
                            "seashell": 1
                        }
                    },
                    {
                        "requestPoint": 19,
                        "items": {
                            "root": 1,
                            "lanugo": 1
                        }
                    },
                    {
                        "requestPoint": 20,
                        "items": {
                            "caster_monument": 2,
                            "qp": 1000000
                        }
                    },
                    {
                        "requestPoint": 21,
                        "items": {
                            "proof": 1,
                            "chain": 1
                        }
                    },
                    {
                        "requestPoint": 22,
                        "items": {
                            "page": 1
                        }
                    },
                    {
                        "requestPoint": 23,
                        "items": {
                            "seashell": 1,
                            "cerebrospinal": 1
                        }
                    },
                    {
                        "requestPoint": 24,
                        "items": {
                            "medal": 1,
                            "seed": 1
                        }
                    },
                    {
                        "requestPoint": 25,
                        "items": {
                            "tallow": 1
                        }
                    },
                    {
                        "requestPoint": 26,
                        "items": {
                            "gear": 1,
                            "medal": 1
                        }
                    },
                    {
                        "requestPoint": 27,
                        "items": {
                            "plume": 1
                        }
                    },
                    {
                        "requestPoint": 28,
                        "items": {
                            "lantern": 1,
                            "talon": 1
                        }
                    },
                    {
                        "requestPoint": 29,
                        "items": {
                            "scale": 1,
                            "root": 1
                        }
                    },
                    {
                        "requestPoint": 30,
                        "items": {
                            "archer_monument": 1,
                            "qp": 3000000
                        }
                    },
                    {
                        "requestPoint": 31,
                        "items": {
                            "octuplet": 1,
                            "proof": 1
                        }
                    },
                    {
                        "requestPoint": 32,
                        "items": {
                            "gear": 1,
                            "chain": 1
                        }
                    },
                    {
                        "requestPoint": 33,
                        "items": {
                            "jewel": 1
                        }
                    },
                    {
                        "requestPoint": 34,
                        "items": {
                            "jewel": 1,
                            "medal": 1
                        }
                    },
                    {
                        "requestPoint": 35,
                        "items": {
                            "talon": 1,
                            "magatama": 5
                        }
                    },
                    {
                        "requestPoint": 36,
                        "items": {
                            "gear": 1,
                            "lantern": 1
                        }
                    },
                    {
                        "requestPoint": 37,
                        "items": {
                            "plume": 1
                        }
                    },
                    {
                        "requestPoint": 38,
                        "items": {
                            "plume": 1,
                            "seashell": 1
                        }
                    },
                    {
                        "requestPoint": 39,
                        "items": {
                            "heart": 1,
                            "scarab": 1
                        }
                    },
                    {
                        "requestPoint": 40,
                        "items": {
                            "caster_monument": 1,
                            "qp": 2000000
                        }
                    },
                    {
                        "requestPoint": 41,
                        "items": {
                            "cerebrospinal": 1,
                            "bone": 1
                        }
                    },
                    {
                        "requestPoint": 42,
                        "items": {
                            "octuplet": 1,
                            "proof": 1
                        }
                    },
                    {
                        "requestPoint": 43,
                        "items": {
                            "plume": 1
                        }
                    },
                    {
                        "requestPoint": 44,
                        "items": {
                            "gear": 1,
                            "stake": 1
                        }
                    },
                    {
                        "requestPoint": 45,
                        "items": {
                            "jewel": 1,
                            "lantern": 5
                        }
                    },
                    {
                        "requestPoint": 46,
                        "items": {
                            "magatama": 1,
                            "seashell": 1
                        }
                    },
                    {
                        "requestPoint": 47,
                        "items": {
                            "fang": 1,
                            "octuplet": 1
                        }
                    },
                    {
                        "requestPoint": 48,
                        "items": {
                            "bloodstone": 1,
                            "scale": 1
                        }
                    },
                    {
                        "requestPoint": 49,
                        "items": {
                            "cholecyst": 1,
                            "scale": 1
                        }
                    },
                    {
                        "requestPoint": 50,
                        "items": {
                            "bone": 1,
                            "crystallize": 1,
                            "qp": 3000000
                        }
                    },
                    {
                        "requestPoint": 51,
                        "items": {
                            "octuplet": 1
                        }
                    },
                    {
                        "requestPoint": 52,
                        "items": {
                            "cerebrospinal": 1,
                            "chain": 2
                        }
                    },
                    {
                        "requestPoint": 53,
                        "items": {
                            "refuse": 1,
                            "stake": 2
                        }
                    },
                    {
                        "requestPoint": 54,
                        "items": {
                            "plume": 1,
                            "stinger": 2
                        }
                    },
                    {
                        "requestPoint": 55,
                        "items": {
                            "fang": 1,
                            "magatama": 5
                        }
                    },
                    {
                        "requestPoint": 56,
                        "items": {
                            "bone": 1,
                            "refuse": 2
                        }
                    },
                    {
                        "requestPoint": 57,
                        "items": {
                            "horseshoe": 1,
                            "homunculus": 2
                        }
                    },
                    {
                        "requestPoint": 58,
                        "items": {
                            "lamp": 1
                        }
                    },
                    {
                        "requestPoint": 59,
                        "items": {
                            "scarab": 1,
                            "heart": 1
                        }
                    },
                    {
                        "requestPoint": 60,
                        "items": {
                            "heart": 1,
                            "qp": 3000000
                        }
                    },
                    {
                        "requestPoint": 61,
                        "items": {
                            "plume": 1
                        }
                    },
                    {
                        "requestPoint": 62,
                        "items": {
                            "bloodstone": 1,
                            "bone": 2
                        }
                    },
                    {
                        "requestPoint": 63,
                        "items": {
                            "refuse": 1,
                            "cerebrospinal": 2
                        }
                    },
                    {
                        "requestPoint": 64,
                        "items": {
                            "bone": 1,
                            "stinger": 2
                        }
                    },
                    {
                        "requestPoint": 65,
                        "items": {
                            "octuplet": 1,
                            "lantern": 5
                        }
                    },
                    {
                        "requestPoint": 66,
                        "items": {
                            "horseshoe": 1,
                            "medal": 2
                        }
                    },
                    {
                        "requestPoint": 67,
                        "items": {
                            "page": 1,
                            "refuse": 2
                        }
                    },
                    {
                        "requestPoint": 68,
                        "items": {
                            "page": 1
                        }
                    },
                    {
                        "requestPoint": 69,
                        "items": {
                            "scale": 1,
                            "scarab": 1
                        }
                    },
                    {
                        "requestPoint": 70,
                        "items": {
                            "archer_monument": 2,
                            "lancer_monument": 1,
                            "qp": 4000000
                        }
                    },
                    {
                        "requestPoint": 71,
                        "items": {
                            "horseshoe": 1
                        }
                    },
                    {
                        "requestPoint": 72,
                        "items": {
                            "magatama": 1,
                            "bloodstone": 1
                        }
                    },
                    {
                        "requestPoint": 73,
                        "items": {
                            "seashell": 1,
                            "lanugo": 1
                        }
                    },
                    {
                        "requestPoint": 74,
                        "items": {
                            "horseshoe": 1,
                            "lamp": 1
                        }
                    },
                    {
                        "requestPoint": 75,
                        "items": {
                            "scarab": 1,
                            "talon": 5
                        }
                    },
                    {
                        "requestPoint": 76,
                        "items": {
                            "octuplet": 1,
                            "heart": 1
                        }
                    },
                    {
                        "requestPoint": 77,
                        "items": {
                            "horn": 1,
                            "scale": 1
                        }
                    },
                    {
                        "requestPoint": 78,
                        "items": {
                            "bone": 1,
                            "scale": 1
                        }
                    },
                    {
                        "requestPoint": 79,
                        "items": {
                            "wine": 1,
                            "cholecyst": 1
                        }
                    },
                    {
                        "requestPoint": 80,
                        "items": {
                            "archer_monument": 1,
                            "rider_monument": 1,
                            "assassin_monument": 1,
                            "qp": 4000000
                        }
                    },
                    {
                        "requestPoint": 81,
                        "items": {
                            "horseshoe": 1,
                            "horn": 1
                        }
                    },
                    {
                        "requestPoint": 82,
                        "items": {
                            "gear": 1,
                            "lanugo": 1
                        }
                    },
                    {
                        "requestPoint": 83,
                        "items": {
                            "octuplet": 1,
                            "tallow": 1
                        }
                    },
                    {
                        "requestPoint": 84,
                        "items": {
                            "tallow": 1
                        }
                    },
                    {
                        "requestPoint": 85,
                        "items": {
                            "lanugo": 1,
                            "wine": 5
                        }
                    },
                    {
                        "requestPoint": 86,
                        "items": {
                            "magatama": 1,
                            "plume": 1
                        }
                    },
                    {
                        "requestPoint": 87,
                        "items": {
                            "horseshoe": 1,
                            "bloodstone": 1
                        }
                    },
                    {
                        "requestPoint": 88,
                        "items": {
                            "plume": 1
                        }
                    },
                    {
                        "requestPoint": 89,
                        "items": {
                            "scarab": 1,
                            "root": 1
                        }
                    },
                    {
                        "requestPoint": 90,
                        "items": {
                            "berserker_monument": 1,
                            "qp": 5000000
                        }
                    },
                    {
                        "requestPoint": 91,
                        "items": {
                            "gear": 1
                        }
                    },
                    {
                        "requestPoint": 92,
                        "items": {
                            "fang": 1,
                            "talon": 1
                        }
                    },
                    {
                        "requestPoint": 93,
                        "items": {
                            "octuplet": 1,
                            "tallow": 1
                        }
                    },
                    {
                        "requestPoint": 94,
                        "items": {
                            "tallow": 1,
                            "bone": 1,
                            "cholecyst": 1
                        }
                    },
                    {
                        "requestPoint": 95,
                        "items": {
                            "octuplet": 1,
                            "bone": 1,
                            "scale": 5,
                            "heart": 1
                        }
                    },
                    {
                        "requestPoint": 96,
                        "items": {
                            "heart": 1,
                            "bone": 1,
                            "root": 1
                        }
                    },
                    {
                        "requestPoint": 97,
                        "items": {
                            "bloodstone": 1,
                            "bone": 1,
                            "scale": 1
                        }
                    },
                    {
                        "requestPoint": 98,
                        "items": {
                            "horn": 1,
                            "plume": 1,
                            "scarab": 1
                        }
                    },
                    {
                        "requestPoint": 99,
                        "items": {
                            "page": 1,
                            "octuplet": 1,
                            "wine": 1
                        }
                    },
                    {
                        "requestPoint": 100,
                        "items": {
                            "berserker_monument": 1,
                            "crystallize": 1,
                            "qp": 5000000
                        }
                    }
                ]
            }
        ]
    }
]