[
    {
        "codename": "qp",
        "zhName": "QP",
        "jaName": "QP",
        "enName": "QP",
        "type": "General",
        "wikiLinks": {}
    },
    {
        "codename": "crystallize",
        "zhName": "传承结晶",
        "jaName": "伝承結晶",
        "enName": "Crystallized Lore",
        "type": "General",
        "wikiLinks": {}
    },
    {
        "codename": "holy_grail",
        "zhName": "圣杯",
        "jaName": "聖杯",
        "enName": "Holy Grail",
        "type": "General",
        "wikiLinks": {
            "Mooncell": "https://fgo.wiki/圣杯"
        }
    },
    {
        "codename": "saber_piece",
        "zhName": "剑阶银棋",
        "jaName": "セイバーピース",
        "enName": "Saber Piece",
        "type": "Piece",
        "wikiLinks": {
            "Mooncell": "https://fgo.wiki/剑阶银棋"
        }
    },
    {
        "codename": "archer_piece",
        "zhName": "弓阶银棋",
        "jaName": "アーチャーピース",
        "enName": "Archer Piece",
        "type": "Piece",
        "wikiLinks": {
            "Mooncell": "https://fgo.wiki/弓阶银棋"
        }
    },
    {
        "codename": "lancer_piece",
        "zhName": "枪阶银棋",
        "jaName": "ランサーピース",
        "enName": "Lancer Piece",
        "type": "Piece",
        "wikiLinks": {
            "Mooncell": "https://fgo.wiki/枪阶银棋"
        }
    },
    {
        "codename": "rider_piece",
        "zhName": "骑阶银棋",
        "jaName": "ライダーピース",
        "enName": "Rider Piece",
        "type": "Piece",
        "wikiLinks": {
            "Mooncell": "https://fgo.wiki/骑阶银棋"
        }
    },
    {
        "codename": "caster_piece",
        "zhName": "术阶银棋",
        "jaName": "キャスターピース",
        "enName": "Caster Piece",
        "type": "Piece",
        "wikiLinks": {
            "Mooncell": "https://fgo.wiki/术阶银棋"
        }
    },
    {
        "codename": "assassin_piece",
        "zhName": "杀阶银棋",
        "jaName": "アサシンピース",
        "enName": "Assassin Piece",
        "type": "Piece",
        "wikiLinks": {
            "Mooncell": "https://fgo.wiki/杀阶银棋"
        }
    },
    {
        "codename": "berserker_piece",
        "zhName": "狂阶银棋",
        "jaName": "バーサーカーピース",
        "enName": "Berserker Piece",
        "type": "Piece",
        "wikiLinks": {
            "Mooncell": "https://fgo.wiki/狂阶银棋"
        }
    },
    {
        "codename": "saber_monument",
        "zhName": "剑阶金像",
        "jaName": "セイバーモニュメント",
        "enName": "Saber Monument",
        "type": "Piece",
        "wikiLinks": {
            "Mooncell": "https://fgo.wiki/剑阶金像"
        }
    },
    {
        "codename": "archer_monument",
        "zhName": "弓阶金像",
        "jaName": "アーチャーモニュメント",
        "enName": "Archer Monument",
        "type": "Piece",
        "wikiLinks": {
            "Mooncell": "https://fgo.wiki/弓阶金像"
        }
    },
    {
        "codename": "lancer_monument",
        "zhName": "枪阶金像",
        "jaName": "ランサーモニュメント",
        "enName": "Lancer Monument",
        "type": "Piece",
        "wikiLinks": {
            "Mooncell": "https://fgo.wiki/枪阶金像"
        }
    },
    {
        "codename": "rider_monument",
        "zhName": "骑阶金像",
        "jaName": "ライダーモニュメント",
        "enName": "Rider Monument",
        "type": "Piece",
        "wikiLinks": {
            "Mooncell": "https://fgo.wiki/骑阶金像"
        }
    },
    {
        "codename": "caster_monument",
        "zhName": "术阶金像",
        "jaName": "キャスターモニュメント",
        "enName": "Caster Monument",
        "type": "Piece",
        "wikiLinks": {
            "Mooncell": "https://fgo.wiki/术阶金像"
        }
    },
    {
        "codename": "assassin_monument",
        "zhName": "杀阶金像",
        "jaName": "アサシンモニュメント",
        "enName": "Assassin Monument",
        "type": "Piece",
        "wikiLinks": {
            "Mooncell": "https://fgo.wiki/杀阶金像"
        }
    },
    {
        "codename": "berserker_monument",
        "zhName": "狂阶金像",
        "jaName": "バーサーカーモニュメント",
        "enName": "Berserket Monument",
        "type": "Piece",
        "wikiLinks": {
            "Mooncell": "https://fgo.wiki/狂阶金像"
        }
    },
    {
        "codename": "saber_shinning_gem",
        "zhName": "剑之辉石",
        "jaName": "剣の輝石",
        "enName": "Shining Gem of Swords",
        "type": "Gem",
        "wikiLinks": {
            "Mooncell": "https://fgo.wiki/剑之辉石"
        }
    },
    {
        "codename": "archer_shinning_gem",
        "zhName": "弓之辉石",
        "jaName": "弓の輝石",
        "enName": "Shining Gem of Bows",
        "type": "Gem",
        "wikiLinks": {
            "Mooncell": "https://fgo.wiki/弓之辉石"
        }
    },
    {
        "codename": "lancer_shinning_gem",
        "zhName": "枪之辉石",
        "jaName": "槍の輝石",
        "enName": "Shining Gem of Lances",
        "type": "Gem",
        "wikiLinks": {
            "Mooncell": "https://fgo.wiki/枪之辉石"
        }
    },
    {
        "codename": "rider_shinning_gem",
        "zhName": "骑之辉石",
        "jaName": "騎の輝石",
        "enName": "Shining Gem of Cavalry",
        "type": "Gem",
        "wikiLinks": {
            "Mooncell": "https://fgo.wiki/骑之辉石"
        }
    },
    {
        "codename": "caster_shinning_gem",
        "zhName": "术之辉石",
        "jaName": "術の輝石",
        "enName": "Shining Gem of Spells",
        "type": "Gem",
        "wikiLinks": {
            "Mooncell": "https://fgo.wiki/术之辉石"
        }
    },
    {
        "codename": "assassin_shinning_gem",
        "zhName": "杀之辉石",
        "jaName": "殺の輝石",
        "enName": "Shining Gem of Killing",
        "type": "Gem",
        "wikiLinks": {
            "Mooncell": "https://fgo.wiki/杀之辉石"
        }
    },
    {
        "codename": "berserker_shinning_gem",
        "zhName": "狂之辉石",
        "jaName": "狂の輝石",
        "enName": "Shining Gem of Madness",
        "type": "Gem",
        "wikiLinks": {
            "Mooncell": "https://fgo.wiki/狂之辉石"
        }
    },
    {
        "codename": "saber_magic_gem",
        "zhName": "剑之魔石",
        "jaName": "剣の魔石",
        "enName": "Magic Gem of Swords",
        "type": "Gem",
        "wikiLinks": {
            "Mooncell": "https://fgo.wiki/剑之魔石"
        }
    },
    {
        "codename": "archer_magic_gem",
        "zhName": "弓之魔石",
        "jaName": "弓の魔石",
        "enName": "Magic Gem of Bows",
        "type": "Gem",
        "wikiLinks": {
            "Mooncell": "https://fgo.wiki/弓之魔石"
        }
    },
    {
        "codename": "lancer_magic_gem",
        "zhName": "枪之魔石",
        "jaName": "槍の魔石",
        "enName": "Magic Gem of Lances",
        "type": "Gem",
        "wikiLinks": {
            "Mooncell": "https://fgo.wiki/枪之魔石"
        }
    },
    {
        "codename": "rider_magic_gem",
        "zhName": "骑之魔石",
        "jaName": "騎の魔石",
        "enName": "Magic Gem of Cavalry",
        "type": "Gem",
        "wikiLinks": {
            "Mooncell": "https://fgo.wiki/骑之魔石"
        }
    },
    {
        "codename": "caster_magic_gem",
        "zhName": "术之魔石",
        "jaName": "術の魔石",
        "enName": "Magic Gem of Spells",
        "type": "Gem",
        "wikiLinks": {
            "Mooncell": "https://fgo.wiki/术之魔石"
        }
    },
    {
        "codename": "assassin_magic_gem",
        "zhName": "杀之魔石",
        "jaName": "殺の魔石",
        "enName": "Magic Gem of Killing",
        "type": "Gem",
        "wikiLinks": {
            "Mooncell": "https://fgo.wiki/杀之魔石"
        }
    },
    {
        "codename": "berserker_magic_gem",
        "zhName": "狂之魔石",
        "jaName": "狂の魔石",
        "enName": "Magic Gem of Madness",
        "type": "Gem",
        "wikiLinks": {
            "Mooncell": "https://fgo.wiki/狂之魔石"
        }
    },
    {
        "codename": "saber_secret_gem",
        "zhName": "剑之秘石",
        "jaName": "剣の秘石",
        "enName": "Secret Gem of Swords",
        "type": "Gem",
        "wikiLinks": {
            "Mooncell": "https://fgo.wiki/剑之秘石"
        }
    },
    {
        "codename": "archer_secret_gem",
        "zhName": "弓之秘石",
        "jaName": "弓の秘石",
        "enName": "Secret Gem of Bows",
        "type": "Gem",
        "wikiLinks": {
            "Mooncell": "https://fgo.wiki/弓之秘石"
        }
    },
    {
        "codename": "lancer_secret_gem",
        "zhName": "枪之秘石",
        "jaName": "槍の秘石",
        "enName": "Secret Gem of Lances",
        "type": "Gem",
        "wikiLinks": {
            "Mooncell": "https://fgo.wiki/枪之秘石"
        }
    },
    {
        "codename": "rider_secret_gem",
        "zhName": "骑之秘石",
        "jaName": "騎の秘石",
        "enName": "Secret Gem of Cavalry",
        "type": "Gem",
        "wikiLinks": {
            "Mooncell": "https://fgo.wiki/骑之秘石"
        }
    },
    {
        "codename": "caster_secret_gem",
        "zhName": "术之秘石",
        "jaName": "術の秘石",
        "enName": "Secret Gem of Spells",
        "type": "Gem",
        "wikiLinks": {
            "Mooncell": "https://fgo.wiki/术之秘石"
        }
    },
    {
        "codename": "assassin_secret_gem",
        "zhName": "杀之秘石",
        "jaName": "殺の秘石",
        "enName": "Secret Gem of Killing",
        "type": "Gem",
        "wikiLinks": {
            "Mooncell": "https://fgo.wiki/杀之秘石"
        }
    },
    {
        "codename": "berserker_secret_gem",
        "zhName": "狂之秘石",
        "jaName": "狂の秘石",
        "enName": "Secret Gem of Madness",
        "type": "Gem",
        "wikiLinks": {
            "Mooncell": "https://fgo.wiki/狂之秘石"
        }
    },
    {
        "codename": "proof",
        "zhName": "英雄之证",
        "jaName": "英雄の証",
        "enName": "Hero\u0027s Proof",
        "type": "Copper",
        "wikiLinks": {
            "Mooncell": "https://fgo.wiki/英雄之证"
        }
    },
    {
        "codename": "bone",
        "zhName": "凶骨",
        "jaName": "凶骨",
        "enName": "Unlucky Bone",
        "type": "Copper",
        "wikiLinks": {
            "Mooncell": "https://fgo.wiki/凶骨"
        }
    },
    {
        "codename": "fang",
        "zhName": "龙之牙",
        "jaName": "竜の牙",
        "enName": "Dragon Fang",
        "type": "Copper",
        "wikiLinks": {
            "Mooncell": "https://fgo.wiki/龙之牙"
        }
    },
    {
        "codename": "refuse",
        "zhName": "虚影之尘",
        "jaName": "虚影の塵",
        "enName": "Void\u0027s Refuse",
        "type": "Copper",
        "wikiLinks": {
            "Mooncell": "https://fgo.wiki/虚影之尘"
        }
    },
    {
        "codename": "chain",
        "zhName": "愚者之锁",
        "jaName": "愚者の鎖",
        "enName": "Chains of the Fool",
        "type": "Copper",
        "wikiLinks": {
            "Mooncell": "https://fgo.wiki/愚者之锁"
        }
    },
    {
        "codename": "stinger",
        "zhName": "万死的毒针",
        "jaName": "万死の毒針",
        "enName": "Stinger of Certain Death",
        "type": "Copper",
        "wikiLinks": {
            "Mooncell": "https://fgo.wiki/万死的毒针"
        }
    },
    {
        "codename": "cerebrospinal",
        "zhName": "魔术髓液",
        "jaName": "魔術髄液",
        "enName": "Magical Cerebrospinal Fluid",
        "type": "Copper",
        "wikiLinks": {
            "Mooncell": "https://fgo.wiki/魔术髓液"
        }
    },
    {
        "codename": "stake",
        "zhName": "夜泣铁桩",
        "jaName": "宵哭きの鉄杭",
        "enName": "Night-Weeping Iron Stake",
        "type": "Copper",
        "wikiLinks": {
            "Mooncell": "https://fgo.wiki/宵哭铁桩"
        }
    },
    {
        "codename": "gunpowder",
        "zhName": "励振火药",
        "jaName": "励振火薬",
        "enName": "Stimulus Gunpowder",
        "type": "Copper",
        "wikiLinks": {
            "Mooncell": "https://fgo.wiki/励振火药"
        }
    },
    {
        "codename": "seed",
        "zhName": "世界树之种",
        "jaName": "世界樹の種",
        "enName": "Yggdrasil Seed",
        "type": "Sliver",
        "wikiLinks": {
            "Mooncell": "https://fgo.wiki/世界树之种"
        }
    },
    {
        "codename": "lantern",
        "zhName": "鬼魂提灯",
        "jaName": "ゴーストランタン",
        "enName": "Ghost Lantern",
        "type": "Sliver",
        "wikiLinks": {
            "Mooncell": "https://fgo.wiki/鬼魂提灯"
        }
    },
    {
        "codename": "octuplet",
        "zhName": "八连双晶",
        "jaName": "八連双晶",
        "enName": "Octuplet Twin Crystal",
        "type": "Sliver",
        "wikiLinks": {
            "Mooncell": "https://fgo.wiki/八连双晶"
        }
    },
    {
        "codename": "jewel",
        "zhName": "蛇之宝玉",
        "jaName": "蛇の宝玉",
        "enName": "Snake Jewel",
        "type": "Sliver",
        "wikiLinks": {
            "Mooncell": "https://fgo.wiki/蛇之宝玉"
        }
    },
    {
        "codename": "plume",
        "zhName": "凤凰羽毛",
        "jaName": "鳳凰の羽根",
        "enName": "Phoenix Plume",
        "type": "Sliver",
        "wikiLinks": {
            "Mooncell": "https://fgo.wiki/凤凰羽毛"
        }
    },
    {
        "codename": "gear",
        "zhName": "无间齿轮",
        "jaName": "無間の歯車",
        "enName": "Infinity Gear",
        "type": "Sliver",
        "wikiLinks": {
            "Mooncell": "https://fgo.wiki/无间齿轮"
        }
    },
    {
        "codename": "page",
        "zhName": "禁断书页",
        "jaName": "禁断の頁",
        "enName": "Forbidden Page",
        "type": "Sliver",
        "wikiLinks": {
            "Mooncell": "https://fgo.wiki/禁断书页"
        }
    },
    {
        "codename": "homunculus",
        "zhName": "人造生命体幼体",
        "jaName": "ホムンクルスベビー",
        "enName": "Homunculus Baby",
        "type": "Sliver",
        "wikiLinks": {
            "Mooncell": "https://fgo.wiki/人工生命体幼体"
        }
    },
    {
        "codename": "horseshoe",
        "zhName": "陨蹄铁",
        "jaName": "隕蹄鉄",
        "enName": "Meteoric Horseshoe",
        "type": "Sliver",
        "wikiLinks": {
            "Mooncell": "https://fgo.wiki/陨蹄铁"
        }
    },
    {
        "codename": "medal",
        "zhName": "大骑士勋章",
        "jaName": "大騎士勲章",
        "enName": "Medal of Great Knight",
        "type": "Sliver",
        "wikiLinks": {
            "Mooncell": "https://fgo.wiki/大骑士勋章"
        }
    },
    {
        "codename": "seashell",
        "zhName": "追忆的贝壳",
        "jaName": "追憶の貝殻",
        "enName": "Seashell of Reminiscence",
        "type": "Sliver",
        "wikiLinks": {
            "Mooncell": "https://fgo.wiki/追忆的贝壳"
        }
    },
    {
        "codename": "magatama",
        "zhName": "枯淡勾玉",
        "jaName": "枯淡勾玉",
        "enName": "Kotan Magatama",
        "type": "Sliver",
        "wikiLinks": {
            "Mooncell": "https://fgo.wiki/枯淡勾玉"
        }
    },
    {
        "codename": "ice",
        "zhName": "永远结冰",
        "jaName": "永遠結氷",
        "enName": "Permafrost Ice Crystal",
        "type": "Sliver",
        "wikiLinks": {
            "Mooncell": "https://fgo.wiki/永远结冰"
        }
    },
    {
        "codename": "ring",
        "zhName": "巨人的指轮",
        "jaName": "巨人の指輪",
        "enName": "Giant\u0027s Ring",
        "type": "Sliver",
        "wikiLinks": {
            "Mooncell": "https://fgo.wiki/巨人的指轮"
        }
    },
    {
        "codename": "steel",
        "zhName": "极光之钢",
        "jaName": "オーロラ鋼",
        "enName": "Aurora Steel",
        "type": "Sliver",
        "wikiLinks": {
            "Mooncell": "https://fgo.wiki/极光之钢"
        }
    },
    {
        "codename": "talon",
        "zhName": "混沌之爪",
        "jaName": "混沌の爪",
        "enName": "Talon of Chaos",
        "type": "Golden",
        "wikiLinks": {
            "Mooncell": "https://fgo.wiki/混沌之爪"
        }
    },
    {
        "codename": "heart",
        "zhName": "蛮神心脏",
        "jaName": "蛮神の心臓",
        "enName": "Heart of a Foreign God",
        "type": "Golden",
        "wikiLinks": {
            "Mooncell": "https://fgo.wiki/蛮神心脏"
        }
    },
    {
        "codename": "scale",
        "zhName": "龙之逆鳞",
        "jaName": "竜の逆鱗",
        "enName": "Dragon\u0027s Reverse Scale",
        "type": "Golden",
        "wikiLinks": {
            "Mooncell": "https://fgo.wiki/龙之逆鳞"
        }
    },
    {
        "codename": "root",
        "zhName": "精灵根",
        "jaName": "精霊根",
        "enName": "Spirit Root",
        "type": "Golden",
        "wikiLinks": {
            "Mooncell": "https://fgo.wiki/精灵根"
        }
    },
    {
        "codename": "horn",
        "zhName": "战马的幼角",
        "jaName": "戦馬の幼角",
        "enName": "Warhorse\u0027s Immature Horn",
        "type": "Golden",
        "wikiLinks": {
            "Mooncell": "https://fgo.wiki/战马的幼角"
        }
    },
    {
        "codename": "bloodstone",
        "zhName": "血之泪石",
        "jaName": "血の涙石",
        "enName": "Bloodstone Tear",
        "type": "Golden",
        "wikiLinks": {
            "Mooncell": "https://fgo.wiki/血之泪石"
        }
    },
    {
        "codename": "tallow",
        "zhName": "黑兽脂",
        "jaName": "黒獣脂",
        "enName": "Black Tallow",
        "type": "Golden",
        "wikiLinks": {
            "Mooncell": "https://fgo.wiki/黑兽脂"
        }
    },
    {
        "codename": "lamp",
        "zhName": "封魔之灯",
        "jaName": "封魔のランプ",
        "enName": "Lamp of Demon Sealing",
        "type": "Golden",
        "wikiLinks": {
            "Mooncell": "https://fate.wiki/封魔之灯"
        }
    },
    {
        "codename": "scarab",
        "zhName": "智慧之圣甲虫像",
        "jaName": "智慧のスカラベ",
        "enName": "Scarab of Wisdom",
        "type": "Golden",
        "wikiLinks": {
            "Mooncell": "https://fgo.wiki/智慧之圣甲虫像"
        }
    },
    {
        "codename": "lanugo",
        "zhName": "起源的胎毛",
        "jaName": "原初の産毛",
        "enName": "Primordial Lanugo",
        "type": "Golden",
        "wikiLinks": {
            "Mooncell": "https://fgo.wiki/起源的胎毛"
        }
    },
    {
        "codename": "cholecyst",
        "zhName": "咒兽胆石",
        "jaName": "呪獣胆石",
        "enName": "Cursed Beast Cholecyst",
        "type": "Golden",
        "wikiLinks": {
            "Mooncell": "https://fgo.wiki/咒兽胆石"
        }
    },
    {
        "codename": "wine",
        "zhName": "奇奇神酒",
        "jaName": "奇奇神酒",
        "enName": "Bizarre Godly Wine",
        "type": "Golden",
        "wikiLinks": {
            "Mooncell": "https://fgo.wiki/奇奇神酒"
        }
    },
    {
        "codename": "candy",
        "zhName": "闪烁糖果",
        "jaName": "ティンクルキャンディー",
        "enName": "Twinkle Candy",
        "type": "Event",
        "wikiLinks": {}
    },
    {
        "codename": "skull",
        "zhName": "黄金骷髅",
        "jaName": "黄金髑髏",
        "enName": "Golden Skull",
        "type": "Event",
        "wikiLinks": {}
    },
    {
        "codename": "bucket",
        "zhName": "炸鸡桶",
        "jaName": "樽入りチキン",
        "enName": "Chicken Bucket",
        "type": "Event",
        "wikiLinks": {}
    },
    {
        "codename": "knife",
        "zhName": "锋利匕首",
        "jaName": "業物ナイフ",
        "enName": "Sharp Knife",
        "type": "Event",
        "wikiLinks": {}
    },
    {
        "codename": "ball",
        "zhName": "水晶球",
        "jaName": "水晶球",
        "enName": "Crystal Ball",
        "type": "Event",
        "wikiLinks": {}
    },
    {
        "codename": "lighter",
        "zhName": "黄金熊印打火机",
        "jaName": "ゴールデンベアライター",
        "enName": "Golden Bear Lighter",
        "type": "Event",
        "wikiLinks": {}
    },
    {
        "codename": "branch",
        "zhName": "铃鸣之枝",
        "jaName": "鈴鳴りの枝",
        "enName": "Ringing-Bell Branch",
        "type": "Event",
        "wikiLinks": {}
    },
    {
        "codename": "bracelet",
        "zhName": "心形手链",
        "jaName": "ハートのブレスレット",
        "enName": "Heart Bracelet",
        "type": "Event",
        "wikiLinks": {}
    },
    {
        "codename": "orb",
        "zhName": "龙之宝玉",
        "jaName": "竜のオーブ",
        "enName": "Dragon Orb",
        "type": "Event",
        "wikiLinks": {}
    },
    {
        "codename": "doll",
        "zhName": "吉尔·德·雷玩偶",
        "jaName": "ジル･ド･レェ人形",
        "enName": "Gilles de Rais Doll",
        "type": "Event",
        "wikiLinks": {}
    },
    {
        "codename": "ranjatai",
        "zhName": "兰奢待",
        "jaName": "蘭奢待",
        "enName": "Ranjatai",
        "type": "Event",
        "wikiLinks": {}
    },
    {
        "codename": "ribbon",
        "zhName": "回忆的缎带",
        "jaName": "思い出のリボン",
        "enName": "Ribbon of Reminiscence​",
        "type": "Event",
        "wikiLinks": {}
    },
    {
        "codename": "reed",
        "zhName": "黄金芦苇",
        "jaName": "黄金の葦",
        "enName": "Golden Reed",
        "type": "Event",
        "wikiLinks": {}
    },
    {
        "codename": "b_pellet",
        "zhName": "B-Pellet",
        "jaName": "Bペレット",
        "enName": "B-Pellet",
        "type": "Event",
        "wikiLinks": {}
    },
    {
        "codename": "moustache",
        "zhName": "圣诞老人的胡须",
        "jaName": "サンタひげ",
        "enName": "Santa Moustache",
        "type": "Event",
        "wikiLinks": {}
    },
    {
        "codename": "leaf",
        "zhName": "遗忘之叶",
        "jaName": "忘れじの葉",
        "enName": "The Forgotten Leaf",
        "type": "Event",
        "wikiLinks": {}
    },
    {
        "codename": "flag",
        "zhName": "海援队旗",
        "jaName": "海援隊旗",
        "enName": "Kaien Team\u0027s Flag",
        "type": "Event",
        "wikiLinks": {}
    },
    {
        "codename": "pen",
        "zhName": "漆黑的羽毛笔",
        "jaName": "漆黑の羽根ペン",
        "enName": "Dark Plume Pen",
        "type": "Event",
        "wikiLinks": {}
    }
]