[{"area":"修炼场","name":"弓超级","ap":40,"kizuna":615,"exp":15690,"qp":6400,"dropRate":{"horseshoe":0.198,"archer_piece":0.805,"refuse":0.243,"root":0.187,"bloodstone":0.132,"proof":0.179,"plume":0.195,"archer_shinning_gem":0.207,"archer_magic_gem":1.205,"archer_monument":0.579,"archer_secret_gem":0.301}},{"area":"修炼场","name":"弓上级","ap":30,"kizuna":415,"exp":5690,"qp":4400,"dropRate":{"horseshoe":0.133,"archer_piece":1.0390000000000001,"refuse":0.215,"root":0.152,"bloodstone":0.06,"proof":0.106,"plume":0.086,"archer_shinning_gem":0.18899999999999997,"archer_magic_gem":1.5619999999999998,"archer_monument":0.35200000000000004,"archer_secret_gem":0.152}},{"area":"修炼场","name":"弓中级","ap":20,"kizuna":265,"exp":1385,"qp":2900,"dropRate":{"horseshoe":0.10300000000000001,"archer_piece":0.67,"refuse":0.135,"root":0.145,"bone":0.305,"proof":0.076,"fang":0.012,"plume":0.01,"archer_shinning_gem":1.37,"archer_magic_gem":0.349,"archer_monument":0.071}},{"area":"修炼场","name":"弓初级","ap":10,"kizuna":115,"exp":275,"qp":1400,"dropRate":{"horseshoe":0.049,"archer_piece":0.222,"refuse":0.052000000000000005,"bone":0.24100000000000002,"proof":0.111,"fang":0.038,"archer_shinning_gem":1.354,"archer_monument":0.018000000000000002}},{"area":"修炼场","name":"枪超级","ap":40,"kizuna":615,"exp":15690,"qp":6400,"dropRate":{"lancer_secret_gem":0.275,"lancer_magic_gem":1.203,"lancer_piece":0.772,"refuse":0.233,"homunculus":0.21100000000000002,"horn":0.128,"lancer_monument":0.551,"root":0.251,"lancer_shinning_gem":0.18899999999999997,"proof":0.196,"plume":0.11}},{"area":"修炼场","name":"枪上级","ap":30,"kizuna":415,"exp":5690,"qp":4400,"dropRate":{"lancer_secret_gem":0.17,"lancer_magic_gem":1.479,"lancer_piece":0.9890000000000001,"refuse":0.205,"homunculus":0.18,"horn":0.059000000000000004,"lancer_monument":0.35100000000000003,"root":0.19699999999999998,"lancer_shinning_gem":0.16899999999999998,"proof":0.162,"plume":0.08900000000000001}},{"area":"修炼场","name":"枪中级","ap":20,"kizuna":265,"exp":1385,"qp":2900,"dropRate":{"lancer_magic_gem":0.6629999999999999,"lancer_piece":0.7120000000000001,"refuse":0.136,"homunculus":0.087,"lancer_monument":0.081,"root":0.12300000000000001,"bone":0.165,"lancer_shinning_gem":1.162,"proof":0.107}},{"area":"修炼场","name":"枪初级","ap":10,"kizuna":115,"exp":275,"qp":1400,"dropRate":{"lancer_piece":0.228,"refuse":0.065,"homunculus":0.043,"lancer_monument":0.026000000000000002,"bone":0.264,"lancer_shinning_gem":1.165,"proof":0.11800000000000001}},{"area":"修炼场","name":"狂超级","ap":40,"kizuna":615,"exp":15690,"qp":6400,"dropRate":{"octuplet":0.157,"berserker_monument":0.564,"refuse":0.23600000000000002,"berserker_piece":0.846,"berserker_shinning_gem":0.168,"proof":0.23800000000000002,"berserker_magic_gem":1.16,"berserker_secret_gem":0.23399999999999999,"talon":0.083}},{"area":"修炼场","name":"狂上级","ap":30,"kizuna":415,"exp":5690,"qp":4400,"dropRate":{"octuplet":0.134,"berserker_monument":0.40700000000000003,"refuse":0.183,"berserker_piece":1.028,"berserker_shinning_gem":0.14300000000000002,"proof":0.134,"berserker_magic_gem":1.328,"berserker_secret_gem":0.141,"talon":0.09}},{"area":"修炼场","name":"狂中级","ap":20,"kizuna":265,"exp":1385,"qp":2900,"dropRate":{"octuplet":0.128,"berserker_monument":0.077,"refuse":0.18600000000000003,"berserker_piece":0.738,"berserker_shinning_gem":1.237,"proof":0.064,"berserker_magic_gem":0.638,"talon":0.035}},{"area":"修炼场","name":"狂初级","ap":10,"kizuna":115,"exp":275,"qp":1400,"dropRate":{"octuplet":0.054000000000000006,"berserker_monument":0.016,"refuse":0.039,"berserker_piece":0.18899999999999997,"berserker_shinning_gem":1.3230000000000002,"proof":0.11900000000000001}},{"area":"修炼场","name":"骑超级","ap":40,"kizuna":615,"exp":15690,"qp":6400,"dropRate":{"horseshoe":0.205,"refuse":0.16899999999999998,"rider_magic_gem":0.937,"rider_secret_gem":0.409,"rider_shinning_gem":0.23,"scale":0.073,"rider_monument":0.586,"fang":0.467,"rider_piece":0.777}},{"area":"修炼场","name":"骑上级","ap":30,"kizuna":415,"exp":5690,"qp":4400,"dropRate":{"horseshoe":0.151,"refuse":0.125,"rider_magic_gem":1.1909999999999998,"rider_secret_gem":0.258,"rider_shinning_gem":0.24,"scale":0.034,"rider_monument":0.40700000000000003,"fang":0.442,"rider_piece":1.028}},{"area":"修炼场","name":"骑中级","ap":20,"kizuna":265,"exp":1385,"qp":2900,"dropRate":{"horseshoe":0.106,"refuse":0.163,"rider_magic_gem":0.935,"rider_shinning_gem":0.9279999999999999,"rider_monument":0.07,"fang":0.255,"rider_piece":0.701}},{"area":"修炼场","name":"骑初级","ap":10,"kizuna":115,"exp":275,"qp":1400,"dropRate":{"horseshoe":0.05,"refuse":0.032,"rider_shinning_gem":1.189,"rider_monument":0.017,"fang":0.163,"rider_piece":0.222}},{"area":"修炼场","name":"术超级","ap":40,"kizuna":615,"exp":15690,"qp":6400,"dropRate":{"caster_secret_gem":0.768,"refuse":0.243,"caster_piece":0.8029999999999999,"caster_magic_gem":0.902,"caster_monument":0.568,"jewel":0.249,"page":0.204,"heart":0.063,"caster_shinning_gem":0.10800000000000001}},{"area":"修炼场","name":"术上级","ap":30,"kizuna":415,"exp":5690,"qp":4400,"dropRate":{"caster_secret_gem":0.22399999999999998,"refuse":0.22,"caster_piece":0.963,"caster_magic_gem":1.7269999999999999,"caster_monument":0.32299999999999995,"jewel":0.223,"page":0.154,"heart":0.038,"caster_shinning_gem":0.044000000000000004}},{"area":"修炼场","name":"术中级","ap":20,"kizuna":265,"exp":1385,"qp":2900,"dropRate":{"refuse":0.215,"caster_piece":0.8320000000000001,"caster_magic_gem":0.787,"caster_monument":0.07,"jewel":0.145,"page":0.096,"caster_shinning_gem":0.968}},{"area":"修炼场","name":"术初级","ap":10,"kizuna":115,"exp":275,"qp":1400,"dropRate":{"refuse":0.139,"caster_piece":0.331,"caster_magic_gem":0.11699999999999999,"caster_monument":0.02,"jewel":0.084,"page":0.05,"caster_shinning_gem":1.245}},{"area":"修炼场","name":"杀超级","ap":40,"kizuna":615,"exp":15690,"qp":6400,"dropRate":{"assassin_magic_gem":1.186,"assassin_piece":0.807,"refuse":0.192,"assassin_secret_gem":0.255,"assassin_monument":0.58,"root":0.31,"assassin_shinning_gem":0.158,"fang":0.146,"lantern":0.18899999999999997,"tallow":0.12300000000000001,"gear":0.006999999999999999}},{"area":"修炼场","name":"杀上级","ap":30,"kizuna":415,"exp":5690,"qp":4400,"dropRate":{"assassin_magic_gem":1.4769999999999999,"assassin_piece":1.02,"refuse":0.141,"assassin_secret_gem":0.14400000000000002,"assassin_monument":0.38,"root":0.19,"assassin_shinning_gem":0.162,"fang":0.09,"lantern":0.159,"tallow":0.059000000000000004,"gear":0.18}},{"area":"修炼场","name":"杀中级","ap":20,"kizuna":265,"exp":1385,"qp":2900,"dropRate":{"assassin_magic_gem":1.083,"assassin_piece":0.6890000000000001,"refuse":0.184,"assassin_monument":0.085,"root":0.08900000000000001,"assassin_shinning_gem":0.825,"fang":0.18600000000000003,"lantern":0.017,"gear":0.10099999999999999}},{"area":"修炼场","name":"杀初级","ap":10,"kizuna":115,"exp":275,"qp":1400,"dropRate":{"assassin_piece":0.27899999999999997,"refuse":0.11699999999999999,"assassin_monument":0.025,"assassin_shinning_gem":1.308,"fang":0.12300000000000001,"lantern":0.027000000000000003,"gear":0.092}},{"area":"修炼场","name":"剑超级","ap":40,"kizuna":615,"exp":15690,"qp":6400,"dropRate":{"refuse":0.225,"saber_secret_gem":0.284,"seashell":0.209,"saber_shinning_gem":0.242,"root":0.08,"saber_piece":0.742,"saber_magic_gem":1.169,"proof":0.193,"plume":0.10800000000000001,"saber_monument":0.52,"gear":0.20800000000000002}},{"area":"修炼场","name":"剑上级","ap":30,"kizuna":415,"exp":5690,"qp":4400,"dropRate":{"refuse":0.19899999999999998,"saber_secret_gem":0.052000000000000005,"seashell":0.156,"saber_shinning_gem":0.258,"root":0.039,"saber_piece":0.998,"saber_magic_gem":1.345,"proof":0.139,"plume":0.171,"saber_monument":0.34600000000000003,"gear":0.14400000000000002}},{"area":"修炼场","name":"剑中级","ap":20,"kizuna":265,"exp":1385,"qp":2900,"dropRate":{"refuse":0.161,"seashell":0.106,"saber_shinning_gem":1.067,"root":0.11699999999999999,"saber_piece":0.6940000000000001,"saber_magic_gem":0.825,"proof":0.10099999999999999,"saber_monument":0.086,"gear":0.1}},{"area":"修炼场","name":"剑初级","ap":10,"kizuna":115,"exp":275,"qp":1400,"dropRate":{"refuse":0.04,"seashell":0.053,"saber_shinning_gem":1.2570000000000001,"saber_piece":0.223,"bone":0.248,"proof":0.10800000000000001,"fang":0.038,"saber_monument":0.023,"gear":0.048}},{"area":"冬木","name":"X-A（宅邸残迹）","ap":3,"kizuna":25,"exp":4,"qp":650,"dropRate":{"saber_shinning_gem":0.174,"bone":0.076}},{"area":"冬木","name":"X-B（爆炸中心地）","ap":4,"kizuna":35,"exp":14,"qp":780,"dropRate":{"saber_shinning_gem":0.145,"bone":0.15,"lancer_shinning_gem":0.111}},{"area":"冬木","name":"X-C（大桥）","ap":4,"kizuna":35,"exp":14,"qp":780,"dropRate":{"saber_shinning_gem":0.19899999999999998,"bone":0.185,"lancer_shinning_gem":0.152}},{"area":"冬木","name":"X-D（鲜红港口）","ap":5,"kizuna":55,"exp":24,"qp":1040,"dropRate":{"saber_shinning_gem":0.233,"bone":0.205,"archer_shinning_gem":0.201}},{"area":"冬木","name":"X-E（骸骨彷徨的教会）","ap":5,"kizuna":75,"exp":64,"qp":1300,"dropRate":{"refuse":0.042,"saber_shinning_gem":0.187,"bone":0.18,"archer_shinning_gem":0.10300000000000001,"rider_piece":0.051}},{"area":"冬木","name":"X-F（烧尽崩塌的校舍）","ap":6,"kizuna":95,"exp":124,"qp":1560,"dropRate":{"lancer_piece":0.033,"assassin_piece":0.049,"refuse":0.084,"saber_shinning_gem":0.122,"bone":0.168,"archer_shinning_gem":0.166}},{"area":"冬木","name":"X-G（熊熊燃烧的森林）","ap":15,"kizuna":415,"exp":4552,"qp":5720,"dropRate":{"saber_shinning_gem":0.10099999999999999,"bone":0.642,"lancer_shinning_gem":0.20199999999999999,"archer_shinning_gem":0.05}},{"area":"冬木","name":"变动坐标点0号（大空洞）","ap":7,"kizuna":115,"exp":220,"qp":1820,"dropRate":{"refuse":0.076,"saber_shinning_gem":0.016,"saber_piece":0.076,"assassin_shinning_gem":0.18899999999999997,"fang":0.092,"archer_shinning_gem":0.059000000000000004}},{"area":"奥尔良","name":"栋雷米","ap":7,"kizuna":115,"exp":220,"qp":1820,"dropRate":{"saber_shinning_gem":0.111,"lancer_shinning_gem":0.08900000000000001,"proof":0.17800000000000002}},{"area":"奥尔良","name":"沃库勒尔","ap":7,"kizuna":115,"exp":220,"qp":1820,"dropRate":{"saber_shinning_gem":0.084,"rider_shinning_gem":0.147,"bone":0.053,"fang":0.105}},{"area":"奥尔良","name":"拉沙里泰","ap":7,"kizuna":115,"exp":220,"qp":1820,"dropRate":{"rider_shinning_gem":0.353,"lancer_shinning_gem":0.124,"proof":0.059000000000000004,"fang":0.135}},{"area":"奥尔良","name":"汝拉","ap":7,"kizuna":135,"exp":300,"qp":2080,"dropRate":{"refuse":0.09,"saber_shinning_gem":0.135,"root":0.052000000000000005,"rider_shinning_gem":0.2,"lancer_shinning_gem":0.18100000000000002,"assassin_shinning_gem":0.071,"fang":0.071,"rider_piece":0.129}},{"area":"奥尔良","name":"里昂","ap":7,"kizuna":135,"exp":300,"qp":2080,"dropRate":{"assassin_piece":0.14400000000000002,"refuse":0.057999999999999996,"saber_shinning_gem":0.221,"lancer_shinning_gem":0.11699999999999999,"proof":0.201}},{"area":"奥尔良","name":"马赛","ap":7,"kizuna":135,"exp":300,"qp":2080,"dropRate":{"saber_shinning_gem":0.2,"lancer_shinning_gem":0.25,"proof":0.29600000000000004}},{"area":"奥尔良","name":"蒂耶尔","ap":7,"kizuna":135,"exp":300,"qp":2080,"dropRate":{"refuse":0.09,"berserker_piece":0.063,"rider_shinning_gem":0.426,"fang":0.162}},{"area":"奥尔良","name":"波尔多","ap":7,"kizuna":135,"exp":300,"qp":2080,"dropRate":{"saber_shinning_gem":0.067,"root":0.099,"lancer_shinning_gem":0.302,"assassin_shinning_gem":0.242}},{"area":"奥尔良","name":"奥尔良","ap":8,"kizuna":155,"exp":392,"qp":2340,"dropRate":{"refuse":0.094,"caster_piece":0.11599999999999999,"rider_magic_gem":0.071,"rider_shinning_gem":0.145,"bone":0.139,"lancer_shinning_gem":0.087,"fang":0.10300000000000001}},{"area":"奥尔良","name":"巴黎","ap":13,"kizuna":315,"exp":1752,"qp":4420,"dropRate":{"archer_piece":0.026000000000000002,"lancer_piece":0.013000000000000001,"refuse":0.11800000000000001,"rider_magic_gem":0.065,"saber_piece":0.02,"rider_shinning_gem":0.059000000000000004,"bone":0.163,"fang":0.14400000000000002,"archer_shinning_gem":0.124}},{"area":"七丘之城","name":"亚壁街道","ap":9,"kizuna":175,"exp":504,"qp":2600,"dropRate":{"refuse":0.054000000000000006,"berserker_piece":0.098,"saber_shinning_gem":0.188,"lancer_shinning_gem":0.071,"proof":0.295,"archer_shinning_gem":0.125}},{"area":"七丘之城","name":"罗马","ap":9,"kizuna":175,"exp":504,"qp":2600,"dropRate":{"saber_shinning_gem":0.24,"lancer_shinning_gem":0.133,"proof":0.2}},{"area":"七丘之城","name":"埃特纳火山","ap":9,"kizuna":175,"exp":504,"qp":2600,"dropRate":{"assassin_shinning_gem":0.313,"lantern":0.10300000000000001}},{"area":"七丘之城","name":"佛罗伦萨","ap":9,"kizuna":175,"exp":504,"qp":2600,"dropRate":{"saber_shinning_gem":0.04,"lancer_shinning_gem":0.063,"proof":0.295,"archer_shinning_gem":0.21}},{"area":"七丘之城","name":"梅迪奥兰","ap":9,"kizuna":175,"exp":504,"qp":2600,"dropRate":{"saber_shinning_gem":0.156,"lancer_shinning_gem":0.237,"proof":0.29600000000000004}},{"area":"七丘之城","name":"日耳曼尼亚","ap":15,"kizuna":415,"exp":4552,"qp":5720,"dropRate":{"saber_shinning_gem":0.135,"bone":0.537,"lancer_shinning_gem":0.10300000000000001,"berserker_magic_gem":0.08,"archer_shinning_gem":0.051,"talon":0.026000000000000002}},{"area":"七丘之城","name":"玛西格利亚","ap":9,"kizuna":175,"exp":504,"qp":2600,"dropRate":{"refuse":0.185,"berserker_piece":0.106,"saber_shinning_gem":0.066,"lancer_shinning_gem":0.099,"proof":0.139,"rider_piece":0.086}},{"area":"七丘之城","name":"高卢","ap":9,"kizuna":195,"exp":632,"qp":2860,"dropRate":{"octuplet":0.068,"refuse":0.083,"saber_piece":0.092,"berserker_shinning_gem":0.153,"lancer_shinning_gem":0.139,"proof":0.156,"archer_shinning_gem":0.092}},{"area":"七丘之城","name":"不列颠尼亚","ap":10,"kizuna":215,"exp":764,"qp":3120,"dropRate":{"saber_shinning_gem":0.23800000000000002,"root":0.08800000000000001,"lancer_shinning_gem":0.28800000000000003,"assassin_shinning_gem":0.213}},{"area":"七丘之城","name":"有形之岛","ap":9,"kizuna":195,"exp":632,"qp":2860,"dropRate":{"refuse":0.059000000000000004,"berserker_piece":0.11800000000000001,"bone":0.20600000000000002,"lancer_shinning_gem":0.028999999999999998,"archer_shinning_gem":0.11800000000000001}},{"area":"七丘之城","name":"联军首都","ap":10,"kizuna":215,"exp":764,"qp":3120,"dropRate":{"octuplet":0.019,"refuse":0.076,"berserker_piece":0.12,"saber_shinning_gem":0.038,"berserker_shinning_gem":0.10099999999999999,"proof":0.133,"archer_shinning_gem":0.133}},{"area":"俄刻阿诺斯","name":"海盗船","ap":12,"kizuna":295,"exp":1288,"qp":4160,"dropRate":{"saber_shinning_gem":0.195,"proof":0.596,"archer_shinning_gem":0.26}},{"area":"俄刻阿诺斯","name":"海盗岛","ap":13,"kizuna":315,"exp":1752,"qp":4420,"dropRate":{"refuse":0.114,"berserker_shinning_gem":0.17300000000000001,"rider_monument":0.024,"proof":0.516,"archer_shinning_gem":0.28300000000000003,"rider_piece":0.087}},{"area":"俄刻阿诺斯","name":"王者的居岛","ap":13,"kizuna":335,"exp":2248,"qp":4680,"dropRate":{"berserker_monument":0.02,"refuse":0.085,"berserker_piece":0.11800000000000001,"berserker_shinning_gem":0.113,"proof":0.29600000000000004,"archer_shinning_gem":0.113}},{"area":"俄刻阿诺斯","name":"地图上标记的岛","ap":13,"kizuna":335,"exp":2248,"qp":4680,"dropRate":{"berserker_monument":0.017,"refuse":0.141,"berserker_piece":0.10099999999999999,"saber_shinning_gem":0.267,"fang":0.382,"archer_shinning_gem":0.177}},{"area":"俄刻阿诺斯","name":"暗礁海域","ap":17,"kizuna":515,"exp":8152,"qp":7020,"dropRate":{"caster_magic_gem":0.222,"jewel":0.159,"bone":0.361,"archer_shinning_gem":0.26,"caster_shinning_gem":0.163}},{"area":"俄刻阿诺斯","name":"潮眼之海","ap":14,"kizuna":375,"exp":3336,"qp":5200,"dropRate":{"octuplet":0.111,"berserker_shinning_gem":0.182,"proof":0.252,"berserker_magic_gem":0.046,"archer_shinning_gem":0.185}},{"area":"俄刻阿诺斯","name":"翼龙之岛","ap":14,"kizuna":395,"exp":3928,"qp":5460,"dropRate":{"rider_magic_gem":0.059000000000000004,"rider_shinning_gem":0.42200000000000004,"fang":0.503}},{"area":"俄刻阿诺斯","name":"火山臼之岛","ap":17,"kizuna":555,"exp":9816,"qp":7540,"dropRate":{"horseshoe":0.129,"saber_shinning_gem":0.38299999999999995,"root":0.161,"rider_shinning_gem":0.354}},{"area":"俄刻阿诺斯","name":"暴风雨海域","ap":15,"kizuna":415,"exp":4552,"qp":5720,"dropRate":{"assassin_shinning_gem":0.511,"lantern":0.222}},{"area":"俄刻阿诺斯","name":"群島（寂静的入海口）","ap":15,"kizuna":435,"exp":5208,"qp":5980,"dropRate":{"berserker_monument":0.036000000000000004,"refuse":0.226,"caster_piece":0.131,"berserker_piece":0.131,"caster_monument":0.024,"saber_shinning_gem":0.31,"proof":0.179,"fang":0.11900000000000001}},{"area":"俄刻阿诺斯","name":"群岛（隐藏之岛）","ap":16,"kizuna":475,"exp":6616,"qp":6500,"dropRate":{"seashell":0.28,"saber_shinning_gem":0.493,"saber_magic_gem":0.038}},{"area":"俄刻阿诺斯","name":"丰硕之海","ap":18,"kizuna":615,"exp":12552,"qp":8320,"dropRate":{"lancer_magic_gem":0.051,"saber_shinning_gem":0.16399999999999998,"root":0.308,"lancer_shinning_gem":0.22699999999999998,"plume":0.09300000000000001,"archer_magic_gem":0.09699999999999999}},{"area":"伦敦","name":"旧街","ap":15,"kizuna":435,"exp":5208,"qp":5980,"dropRate":{"assassin_shinning_gem":0.593,"gear":0.114}},{"area":"伦敦","name":"白色教堂","ap":15,"kizuna":435,"exp":5208,"qp":5980,"dropRate":{"assassin_magic_gem":0.040999999999999995,"assassin_piece":0.08199999999999999,"refuse":0.071,"assassin_monument":0.025,"assassin_shinning_gem":0.43200000000000005,"gear":0.132}},{"area":"伦敦","name":"伦敦城","ap":15,"kizuna":435,"exp":5208,"qp":5980,"dropRate":{"homunculus":0.11800000000000001,"lancer_shinning_gem":0.604}},{"area":"伦敦","name":"苏活区","ap":16,"kizuna":455,"exp":5896,"qp":6240,"dropRate":{"assassin_magic_gem":0.04,"lancer_magic_gem":0.03,"refuse":0.131,"homunculus":0.111,"caster_piece":0.10099999999999999,"caster_monument":0.01,"lancer_shinning_gem":0.071,"assassin_shinning_gem":0.071,"gear":0.071}},{"area":"伦敦","name":"威斯敏斯特","ap":16,"kizuna":455,"exp":5896,"qp":6240,"dropRate":{"lancer_magic_gem":0.06,"refuse":0.16,"homunculus":0.13,"caster_piece":0.15,"caster_monument":0.05,"lancer_shinning_gem":0.29}},{"area":"伦敦","name":"摄政公园","ap":16,"kizuna":455,"exp":5896,"qp":6240,"dropRate":{"saber_shinning_gem":0.22699999999999998,"saber_magic_gem":0.092,"page":0.035,"caster_shinning_gem":0.113,"gear":0.092}},{"area":"伦敦","name":"克勒肯维尔","ap":18,"kizuna":615,"exp":12552,"qp":8320,"dropRate":{"assassin_magic_gem":0.146,"assassin_secret_gem":0.035,"saber_shinning_gem":0.203,"bone":0.375,"assassin_shinning_gem":0.076,"gear":0.264}},{"area":"伦敦","name":"萨瑟克","ap":19,"kizuna":655,"exp":14536,"qp":8840,"dropRate":{"lancer_magic_gem":0.106,"homunculus":0.305,"bone":0.287,"lancer_shinning_gem":0.316,"archer_shinning_gem":0.152}},{"area":"伦敦","name":"海德公园","ap":20,"kizuna":695,"exp":16648,"qp":9360,"dropRate":{"caster_secret_gem":0.032,"caster_magic_gem":0.152,"bone":0.358,"lancer_shinning_gem":0.182,"page":0.276,"caster_shinning_gem":0.08800000000000001}},{"area":"北美","name":"布拉克山","ap":17,"kizuna":535,"exp":8968,"qp":7280,"dropRate":{"archer_shinning_gem":0.425,"gear":0.161}},{"area":"北美","name":"里弗顿","ap":17,"kizuna":535,"exp":8968,"qp":7280,"dropRate":{"lancer_piece":0.209,"refuse":0.32799999999999996,"lancer_monument":0.078,"saber_shinning_gem":0.16399999999999998,"lancer_shinning_gem":0.061,"proof":0.385,"archer_shinning_gem":0.040999999999999995}},{"area":"北美","name":"丹佛","ap":17,"kizuna":535,"exp":8968,"qp":7280,"dropRate":{"lancer_piece":0.13699999999999998,"refuse":0.13699999999999998,"lancer_monument":0.077,"archer_shinning_gem":0.266,"archer_magic_gem":0.094,"gear":0.151}},{"area":"北美","name":"德明","ap":17,"kizuna":555,"exp":9816,"qp":7540,"dropRate":{"rider_magic_gem":0.071,"rider_shinning_gem":0.369,"fang":0.624}},{"area":"北美","name":"达拉斯","ap":17,"kizuna":555,"exp":9816,"qp":7540,"dropRate":{"lancer_shinning_gem":0.256,"proof":0.679,"archer_shinning_gem":0.102}},{"area":"北美","name":"阿尔卡特拉斯岛","ap":18,"kizuna":575,"exp":10696,"qp":7800,"dropRate":{"berserker_monument":0.018000000000000002,"refuse":0.138,"berserker_piece":0.10800000000000001,"saber_shinning_gem":0.036000000000000004,"lancer_shinning_gem":0.257,"proof":0.479}},{"area":"北美","name":"得梅因","ap":18,"kizuna":575,"exp":10696,"qp":7800,"dropRate":{"assassin_magic_gem":0.087,"lancer_piece":0.087,"refuse":0.14300000000000002,"lancer_monument":0.05,"root":0.094,"berserker_magic_gem":0.08,"talon":0.205}},{"area":"北美","name":"蒙哥马利","ap":18,"kizuna":595,"exp":11608,"qp":8060,"dropRate":{"archer_piece":0.102,"refuse":0.14800000000000002,"proof":0.627,"archer_shinning_gem":0.312,"archer_monument":0.054000000000000006}},{"area":"北美","name":"拉伯克","ap":18,"kizuna":615,"exp":12552,"qp":8320,"dropRate":{"assassin_magic_gem":0.092,"saber_shinning_gem":0.215,"proof":0.607,"archer_shinning_gem":0.092,"tallow":0.12300000000000001}},{"area":"北美","name":"亚历山德里亚","ap":18,"kizuna":615,"exp":12552,"qp":8320,"dropRate":{"saber_shinning_gem":0.102,"bloodstone":0.11599999999999999,"lancer_shinning_gem":0.092,"proof":0.47,"archer_shinning_gem":0.040999999999999995,"archer_magic_gem":0.063}},{"area":"北美","name":"卡尼","ap":18,"kizuna":615,"exp":12552,"qp":8320,"dropRate":{"lancer_magic_gem":0.07400000000000001,"horn":0.127,"saber_shinning_gem":0.136,"lancer_shinning_gem":0.131,"proof":0.507}},{"area":"北美","name":"夏洛特","ap":20,"kizuna":715,"exp":17752,"qp":9620,"dropRate":{"lancer_piece":0.096,"berserker_monument":0.12,"refuse":0.638,"berserker_piece":0.27699999999999997,"lancer_monument":0.044000000000000004,"lancer_shinning_gem":0.102,"proof":0.48700000000000004,"archer_shinning_gem":0.10099999999999999,"caster_shinning_gem":0.05}},{"area":"北美","name":"华盛顿","ap":20,"kizuna":745,"exp":19468,"qp":10010,"dropRate":{"saber_secret_gem":0.035,"saber_shinning_gem":0.126,"root":0.077,"lancer_shinning_gem":0.044000000000000004,"proof":0.48700000000000004,"archer_shinning_gem":0.053,"caster_shinning_gem":0.076}},{"area":"北美","name":"芝加哥","ap":21,"kizuna":775,"exp":21256,"qp":10400,"dropRate":{"archer_shinning_gem":0.22699999999999998,"archer_magic_gem":0.163,"archer_secret_gem":0.04,"gear":0.408}},{"area":"卡美洛","name":"沙尘暴的沙漠","ap":19,"kizuna":635,"exp":13528,"qp":8580,"dropRate":{"caster_secret_gem":0.03,"saber_shinning_gem":0.102,"bone":0.637,"lancer_shinning_gem":0.106,"scarab":0.081,"archer_shinning_gem":0.096}},{"area":"卡美洛","name":"黎明的沙丘","ap":19,"kizuna":635,"exp":13528,"qp":8580,"dropRate":{"caster_magic_gem":0.455,"jewel":0.115,"lamp":0.115,"caster_shinning_gem":0.163}},{"area":"卡美洛","name":"死之荒野","ap":19,"kizuna":655,"exp":14536,"qp":8840,"dropRate":{"chain":0.631,"berserker_shinning_gem":0.152,"assassin_shinning_gem":0.196}},{"area":"卡美洛","name":"东之村","ap":19,"kizuna":655,"exp":14536,"qp":8840,"dropRate":{"lancer_magic_gem":0.106,"horn":0.17300000000000001,"rider_shinning_gem":0.4,"fang":0.45}},{"area":"卡美洛","name":"圆桌要塞","ap":19,"kizuna":675,"exp":15576,"qp":9100,"dropRate":{"lancer_magic_gem":0.099,"saber_shinning_gem":0.099,"medal":0.192,"lancer_shinning_gem":0.20600000000000002,"saber_magic_gem":0.129,"proof":0.38}},{"area":"卡美洛","name":"晚钟庙","ap":19,"kizuna":675,"exp":15576,"qp":9100,"dropRate":{"assassin_magic_gem":0.026000000000000002,"assassin_shinning_gem":0.484,"lantern":0.32899999999999996}},{"area":"卡美洛","name":"西之村遗迹","ap":20,"kizuna":675,"exp":15576,"qp":9100,"dropRate":{"assassin_piece":0.11599999999999999,"refuse":0.46799999999999997,"assassin_monument":0.028999999999999998,"assassin_shinning_gem":0.431}},{"area":"卡美洛","name":"阿特拉斯院","ap":20,"kizuna":695,"exp":16648,"qp":9360,"dropRate":{"caster_magic_gem":0.16699999999999998,"page":0.069,"archer_shinning_gem":0.154,"archer_magic_gem":0.196,"gear":0.21}},{"area":"卡美洛","name":"圣都正门","ap":20,"kizuna":715,"exp":17752,"qp":9620,"dropRate":{"lancer_magic_gem":0.09699999999999999,"medal":0.32799999999999996,"saber_magic_gem":0.085,"archer_magic_gem":0.046}},{"area":"卡美洛","name":"圣都市街","ap":20,"kizuna":715,"exp":17752,"qp":9620,"dropRate":{"octuplet":0.273,"saber_secret_gem":0.03,"saber_shinning_gem":0.05,"root":0.124,"lancer_shinning_gem":0.095,"proof":0.35100000000000003,"berserker_secret_gem":0.086}},{"area":"卡美洛","name":"隐秘之村","ap":21,"kizuna":795,"exp":22488,"qp":10660,"dropRate":{"chain":0.314,"caster_magic_gem":0.063,"berserker_shinning_gem":0.046,"lamp":0.175,"assassin_shinning_gem":0.11}},{"area":"卡美洛","name":"王城","ap":21,"kizuna":815,"exp":23752,"qp":10920,"dropRate":{"refuse":0.168,"saber_piece":0.099,"medal":0.369,"saber_magic_gem":0.251,"saber_monument":0.049}},{"area":"卡美洛","name":"无之大地","ap":22,"kizuna":835,"exp":25048,"qp":11180,"dropRate":{"horseshoe":0.444,"assassin_magic_gem":0.051,"rider_magic_gem":0.05,"rider_secret_gem":0.07200000000000001,"rider_shinning_gem":0.149,"archer_shinning_gem":0.091,"archer_secret_gem":0.033}},{"area":"卡美洛","name":"大神殿","ap":22,"kizuna":855,"exp":26376,"qp":11440,"dropRate":{"caster_secret_gem":0.068,"chain":0.431,"berserker_shinning_gem":0.134,"assassin_shinning_gem":0.046,"scarab":0.10800000000000001}},{"area":"巴比伦尼亚","name":"废都巴比伦","ap":20,"kizuna":735,"exp":18888,"qp":9880,"dropRate":{"root":0.509,"rider_shinning_gem":0.457}},{"area":"巴比伦尼亚","name":"北之高台","ap":20,"kizuna":735,"exp":18888,"qp":9880,"dropRate":{"assassin_magic_gem":0.09300000000000001,"root":0.226,"rider_shinning_gem":0.235,"tallow":0.18}},{"area":"巴比伦尼亚","name":"黑色杉木林","ap":20,"kizuna":735,"exp":18888,"qp":9880,"dropRate":{"lanugo":0.08199999999999999,"rider_magic_gem":0.071,"root":0.34700000000000003,"rider_shinning_gem":0.327}},{"area":"巴比伦尼亚","name":"高原","ap":20,"kizuna":735,"exp":18888,"qp":9880,"dropRate":{"stinger":0.534,"root":0.255,"rider_shinning_gem":0.258,"lancer_shinning_gem":0.196}},{"area":"巴比伦尼亚","name":"湿地","ap":21,"kizuna":755,"exp":20056,"qp":10140,"dropRate":{"jewel":0.265,"stinger":0.391,"lancer_shinning_gem":0.262,"archer_magic_gem":0.159}},{"area":"巴比伦尼亚","name":"乌尔","ap":21,"kizuna":755,"exp":20056,"qp":10140,"dropRate":{"assassin_magic_gem":0.091,"root":0.292,"saber_magic_gem":0.08900000000000001,"berserker_magic_gem":0.253,"talon":0.192}},{"area":"巴比伦尼亚","name":"埃里都","ap":21,"kizuna":755,"exp":20056,"qp":10140,"dropRate":{"rider_magic_gem":0.18899999999999997,"rider_shinning_gem":0.395,"fang":0.645}},{"area":"巴比伦尼亚","name":"观测所","ap":21,"kizuna":775,"exp":21256,"qp":10400,"dropRate":{"seashell":0.425,"saber_shinning_gem":0.344,"saber_magic_gem":0.163}},{"area":"巴比伦尼亚","name":"芦苇原","ap":21,"kizuna":775,"exp":21256,"qp":10400,"dropRate":{"stinger":0.626,"lancer_shinning_gem":0.461}},{"area":"巴比伦尼亚","name":"库撒","ap":21,"kizuna":795,"exp":22488,"qp":10660,"dropRate":{"assassin_magic_gem":0.13,"assassin_shinning_gem":0.331,"lantern":0.387}},{"area":"巴比伦尼亚","name":"北壁","ap":21,"kizuna":795,"exp":22488,"qp":10660,"dropRate":{"lanugo":0.121,"rider_magic_gem":0.076,"stinger":0.43799999999999994,"lancer_shinning_gem":0.284}},{"area":"巴比伦尼亚","name":"尼普尔","ap":21,"kizuna":815,"exp":23752,"qp":10920,"dropRate":{"stinger":0.302,"rider_secret_gem":0.05,"scale":0.132,"lancer_shinning_gem":0.237}},{"area":"巴比伦尼亚","name":"艾比夫山","ap":21,"kizuna":815,"exp":23752,"qp":10920,"dropRate":{"cholecyst":0.12300000000000001,"root":0.24,"berserker_magic_gem":0.251,"berserker_secret_gem":0.039}},{"area":"巴比伦尼亚","name":"鲜血神殿","ap":21,"kizuna":815,"exp":23752,"qp":10920,"dropRate":{"lanugo":0.19,"rider_magic_gem":0.156,"root":0.23,"rider_shinning_gem":0.151}},{"area":"新宿","name":"代代木二丁目","ap":20,"kizuna":735,"exp":18888,"qp":9880,"dropRate":{"caster_shinning_gem":0.387,"cerebrospinal":0.366}},{"area":"新宿","name":"国道20号","ap":20,"kizuna":735,"exp":18888,"qp":9880,"dropRate":{"refuse":0.298,"archer_shinning_gem":0.10099999999999999,"archer_magic_gem":0.125,"cerebrospinal":0.42100000000000004}},{"area":"新宿","name":"新宿站","ap":21,"kizuna":755,"exp":20056,"qp":10140,"dropRate":{"archer_shinning_gem":0.20199999999999999,"archer_magic_gem":0.243,"cerebrospinal":0.654}},{"area":"新宿","name":"新宿四丁目","ap":21,"kizuna":755,"exp":20056,"qp":10140,"dropRate":{"berserker_secret_gem":0.043,"talon":0.19899999999999998,"caster_shinning_gem":0.24100000000000002,"cerebrospinal":0.384}},{"area":"新宿","name":"歌舞伎町","ap":21,"kizuna":775,"exp":21256,"qp":10400,"dropRate":{"assassin_magic_gem":0.36700000000000005,"refuse":0.275,"gear":0.285}},{"area":"新宿","name":"枪身塔","ap":21,"kizuna":775,"exp":21256,"qp":10400,"dropRate":{"assassin_magic_gem":0.429,"gear":0.45899999999999996}},{"area":"新宿","name":"舞会会场","ap":21,"kizuna":795,"exp":22488,"qp":10660,"dropRate":{"assassin_magic_gem":0.11599999999999999,"refuse":0.28300000000000003,"archer_shinning_gem":0.132,"archer_magic_gem":0.107,"cerebrospinal":0.259,"gear":0.215}},{"area":"新宿","name":"塔顶楼","ap":21,"kizuna":795,"exp":22488,"qp":10660,"dropRate":{"assassin_magic_gem":0.24,"saber_secret_gem":0.04,"root":0.1,"gear":0.205}},{"area":"新宿","name":"新宿御苑","ap":21,"kizuna":815,"exp":23752,"qp":10920,"dropRate":{"caster_secret_gem":0.045,"heart":0.125,"caster_shinning_gem":0.401,"cerebrospinal":0.315}},{"area":"新宿","name":"新宿二丁目","ap":21,"kizuna":815,"exp":23752,"qp":10920,"dropRate":{"caster_secret_gem":0.032,"caster_magic_gem":0.193,"bloodstone":0.187,"page":0.313,"archer_magic_gem":0.083,"caster_shinning_gem":0.07400000000000001}},{"area":"雅戈泰","name":"地底平原","ap":20,"kizuna":735,"exp":18888,"qp":9880,"dropRate":{"rider_shinning_gem":0.301,"fang":0.419,"berserker_secret_gem":0.05,"talon":0.21100000000000002}},{"area":"雅戈泰","name":"野営地","ap":20,"kizuna":735,"exp":18888,"qp":9880,"dropRate":{"lancer_magic_gem":0.174,"horn":0.237,"root":0.326,"lancer_shinning_gem":0.348,"plume":0.152}},{"area":"雅戈泰","name":"川辺の町","ap":20,"kizuna":735,"exp":18888,"qp":9880,"dropRate":{"saber_secret_gem":0.045,"saber_shinning_gem":0.391,"root":0.35200000000000004,"saber_magic_gem":0.135,"plume":0.23}},{"area":"雅戈泰","name":"桃源郷","ap":21,"kizuna":755,"exp":20056,"qp":10140,"dropRate":{"octuplet":0.40700000000000003,"berserker_shinning_gem":0.312,"berserker_magic_gem":0.08900000000000001,"berserker_secret_gem":0.03}},{"area":"雅戈泰","name":"イース","ap":21,"kizuna":755,"exp":20056,"qp":10140,"dropRate":{"refuse":0.34299999999999997,"rider_shinning_gem":0.415,"proof":0.35}},{"area":"雅戈泰","name":"北の断崖","ap":21,"kizuna":755,"exp":20056,"qp":10140,"dropRate":{"assassin_magic_gem":0.306,"chain":0.395,"tallow":0.213}},{"area":"雅戈泰","name":"不夜城","ap":21,"kizuna":775,"exp":21256,"qp":10400,"dropRate":{"assassin_magic_gem":0.4,"chain":0.35,"refuse":0.35}},{"area":"雅戈泰","name":"山裾の密林","ap":21,"kizuna":775,"exp":21256,"qp":10400,"dropRate":{"rider_magic_gem":0.054000000000000006,"root":0.15,"rider_shinning_gem":0.26899999999999996,"fang":0.502,"plume":0.153,"archer_shinning_gem":0.183,"archer_magic_gem":0.11599999999999999}},{"area":"雅戈泰","name":"竜宮城","ap":21,"kizuna":795,"exp":22488,"qp":10660,"dropRate":{"rider_shinning_gem":0.271,"proof":0.307,"wine":0.127,"archer_secret_gem":0.048}},{"area":"雅戈泰","name":"地底大河","ap":21,"kizuna":795,"exp":22488,"qp":10660,"dropRate":{"lancer_secret_gem":0.037000000000000005,"lancer_magic_gem":0.14,"root":0.26,"plume":0.29600000000000004,"archer_shinning_gem":0.38299999999999995}},{"area":"雅戈泰","name":"エルドラド","ap":21,"kizuna":815,"exp":23752,"qp":10920,"dropRate":{"refuse":0.20800000000000002,"saber_shinning_gem":0.563,"root":0.33299999999999996}},{"area":"雅戈泰","name":"大地の裂け目","ap":21,"kizuna":815,"exp":23752,"qp":10920,"dropRate":{"caster_secret_gem":0.037000000000000005,"caster_magic_gem":0.501,"jewel":0.382}},{"area":"下总国","name":"田んぼ","ap":20,"kizuna":735,"exp":18888,"qp":9880,"dropRate":{"root":0.409,"lancer_shinning_gem":0.195,"assassin_shinning_gem":0.34,"lantern":0.22}},{"area":"下总国","name":"里","ap":21,"kizuna":755,"exp":20056,"qp":10140,"dropRate":{"refuse":0.317,"magatama":0.29,"root":0.332,"lancer_shinning_gem":0.17300000000000001,"saber_magic_gem":0.213}},{"area":"下总国","name":"庵","ap":21,"kizuna":755,"exp":20056,"qp":10140,"dropRate":{"magatama":0.245,"assassin_shinning_gem":0.414,"saber_magic_gem":0.226,"lantern":0.271}},{"area":"下总国","name":"城下町","ap":21,"kizuna":775,"exp":21256,"qp":10400,"dropRate":{"magatama":0.415,"saber_magic_gem":0.40299999999999997}},{"area":"下总国","name":"合戦場","ap":21,"kizuna":775,"exp":21256,"qp":10400,"dropRate":{"refuse":0.301,"magatama":0.245,"saber_shinning_gem":0.247,"bone":0.39799999999999996,"saber_magic_gem":0.14800000000000002}},{"area":"下总国","name":"土気城","ap":21,"kizuna":795,"exp":22488,"qp":10660,"dropRate":{"lancer_secret_gem":0.033,"refuse":0.287,"magatama":0.27,"saber_magic_gem":0.231,"wine":0.102}},{"area":"下总国","name":"裏山","ap":21,"kizuna":795,"exp":22488,"qp":10660,"dropRate":{"octuplet":0.247,"refuse":0.303,"magatama":0.23600000000000002,"saber_magic_gem":0.259,"berserker_magic_gem":0.079}},{"area":"下总国","name":"荒川の原","ap":21,"kizuna":815,"exp":23752,"qp":10920,"dropRate":{"refuse":0.295,"magatama":0.218,"cholecyst":0.122,"saber_magic_gem":0.257,"berserker_secret_gem":0.048}},{"area":"塞勒姆","name":"静寂な森","ap":20,"kizuna":735,"exp":18888,"qp":9880,"dropRate":{"root":0.47700000000000004,"rider_shinning_gem":0.447}},{"area":"塞勒姆","name":"カーター家","ap":20,"kizuna":735,"exp":18888,"qp":9880,"dropRate":{"stake":0.415,"assassin_magic_gem":0.245,"caster_secret_gem":0.043,"heart":0.11800000000000001}},{"area":"塞勒姆","name":"公会堂","ap":21,"kizuna":755,"exp":20056,"qp":10140,"dropRate":{"caster_magic_gem":0.35200000000000004,"plume":0.36200000000000004}},{"area":"塞勒姆","name":"波止場","ap":21,"kizuna":755,"exp":20056,"qp":10140,"dropRate":{"chain":0.424,"caster_magic_gem":0.22,"assassin_shinning_gem":0.253,"plume":0.204}},{"area":"塞勒姆","name":"ウェイトリー家","ap":21,"kizuna":775,"exp":21256,"qp":10400,"dropRate":{"lancer_magic_gem":0.201,"homunculus":0.428,"lancer_shinning_gem":0.413}},{"area":"塞勒姆","name":"郊外の屋敷","ap":21,"kizuna":775,"exp":21256,"qp":10400,"dropRate":{"stake":0.38799999999999996,"chain":0.43200000000000005,"berserker_shinning_gem":0.223,"assassin_shinning_gem":0.24600000000000002}},{"area":"塞勒姆","name":"ガローの丘","ap":21,"kizuna":795,"exp":22488,"qp":10660,"dropRate":{"stake":0.6970000000000001,"assassin_magic_gem":0.154,"berserker_shinning_gem":0.36200000000000004}},{"area":"塞勒姆","name":"牧草地","ap":21,"kizuna":795,"exp":22488,"qp":10660,"dropRate":{"stake":0.405,"root":0.376,"rider_shinning_gem":0.22899999999999998,"berserker_shinning_gem":0.21100000000000002}},{"area":"塞勒姆","name":"空き家","ap":21,"kizuna":815,"exp":23752,"qp":10920,"dropRate":{"stake":0.425,"caster_magic_gem":0.149,"berserker_shinning_gem":0.239,"plume":0.209}},{"area":"塞勒姆","name":"隠れ家","ap":21,"kizuna":815,"exp":23752,"qp":10920,"dropRate":{"caster_magic_gem":0.135,"root":0.503,"rider_shinning_gem":0.20600000000000002,"plume":0.16}},{"area":"塞勒姆","name":"留置所","ap":21,"kizuna":815,"exp":23752,"qp":10920,"dropRate":{"caster_magic_gem":0.084,"saber_shinning_gem":0.37200000000000005,"lamp":0.203,"fang":0.415}},{"area":"阿纳斯塔西娅","name":"アンカーポイント","ap":20,"kizuna":735,"exp":18888,"qp":9880,"dropRate":{"lancer_magic_gem":0.083,"horn":0.177,"stinger":0.396,"lancer_shinning_gem":0.344}},{"area":"阿纳斯塔西娅","name":"ヤガ?スモレンスク","ap":20,"kizuna":735,"exp":18888,"qp":9880,"dropRate":{"saber_shinning_gem":0.228,"assassin_shinning_gem":0.222,"gunpowder":0.655}},{"area":"阿纳斯塔西娅","name":"風穴氷窟","ap":20,"kizuna":735,"exp":18888,"qp":9880,"dropRate":{"seashell":0.256,"stinger":0.401,"berserker_shinning_gem":0.193,"lancer_shinning_gem":0.252}},{"area":"阿纳斯塔西娅","name":"叛逆軍の砦","ap":21,"kizuna":755,"exp":20056,"qp":10140,"dropRate":{"lancer_magic_gem":0.098,"horn":0.19699999999999998,"saber_shinning_gem":0.344,"gunpowder":0.402}},{"area":"阿纳斯塔西娅","name":"ヤガ?スィチョーフカ","ap":21,"kizuna":755,"exp":20056,"qp":10140,"dropRate":{"root":0.222,"gunpowder":0.40700000000000003,"berserker_magic_gem":0.23600000000000002,"archer_shinning_gem":0.28600000000000003}},{"area":"阿纳斯塔西娅","name":"焼き払われた村","ap":21,"kizuna":755,"exp":20056,"qp":10140,"dropRate":{"seashell":0.258,"saber_shinning_gem":0.252,"berserker_shinning_gem":0.188,"gunpowder":0.395}},{"area":"阿纳斯塔西娅","name":"ヤガ?ヴァジマ","ap":21,"kizuna":775,"exp":21256,"qp":10400,"dropRate":{"stinger":0.449,"lancer_shinning_gem":0.18899999999999997,"assassin_shinning_gem":0.188,"gunpowder":0.354}},{"area":"阿纳斯塔西娅","name":"ヤガ?ジェメンスク","ap":21,"kizuna":775,"exp":21256,"qp":10400,"dropRate":{"assassin_magic_gem":0.39399999999999996,"lancer_magic_gem":0.099,"horn":0.155,"ice":0.225}},{"area":"阿纳斯塔西娅","name":"ヤガ?トゥーラ","ap":21,"kizuna":775,"exp":21256,"qp":10400,"dropRate":{"assassin_magic_gem":0.257,"refuse":0.29600000000000004,"ice":0.222,"gunpowder":0.297,"archer_shinning_gem":0.141}},{"area":"阿纳斯塔西娅","name":"潰れた村","ap":21,"kizuna":795,"exp":22488,"qp":10660,"dropRate":{"assassin_magic_gem":0.28,"seashell":0.258,"berserker_shinning_gem":0.212,"ice":0.258}},{"area":"阿纳斯塔西娅","name":"ヤガ?モスクワ","ap":21,"kizuna":795,"exp":22488,"qp":10660,"dropRate":{"assassin_magic_gem":0.452,"ice":0.465}},{"area":"阿纳斯塔西娅","name":"大渓谷の砦","ap":21,"kizuna":795,"exp":22488,"qp":10660,"dropRate":{"refuse":0.301,"assassin_secret_gem":0.055,"assassin_shinning_gem":0.273,"gunpowder":0.312,"wine":0.10800000000000001}},{"area":"阿纳斯塔西娅","name":"大樹の根元","ap":21,"kizuna":815,"exp":23752,"qp":10920,"dropRate":{"assassin_magic_gem":0.19699999999999998,"refuse":0.303,"stinger":0.312,"ice":0.17800000000000002}},{"area":"阿纳斯塔西娅","name":"ヤガ?リャザン","ap":21,"kizuna":815,"exp":23752,"qp":10920,"dropRate":{"assassin_magic_gem":0.29,"ice":0.27699999999999997,"berserker_secret_gem":0.027999999999999997,"talon":0.225}},{"area":"诸神的黄昏","name":"ランディングポイント","ap":20,"kizuna":735,"exp":18888,"qp":9880,"dropRate":{"assassin_magic_gem":0.079,"lanugo":0.127,"refuse":0.389,"root":0.175,"assassin_shinning_gem":0.516}},{"area":"诸神的黄昏","name":"薄氷の丘","ap":20,"kizuna":735,"exp":18888,"qp":9880,"dropRate":{"ring":0.297,"root":0.25,"assassin_shinning_gem":0.32299999999999995,"berserker_magic_gem":0.255}},{"area":"诸神的黄昏","name":"巨人の花園","ap":20,"kizuna":735,"exp":18888,"qp":9880,"dropRate":{"ring":0.406,"berserker_magic_gem":0.457}},{"area":"诸神的黄昏","name":"第23集落","ap":21,"kizuna":755,"exp":20056,"qp":10140,"dropRate":{"steel":0.23399999999999999,"rider_magic_gem":0.179,"root":0.324,"assassin_shinning_gem":0.26899999999999996}},{"area":"诸神的黄昏","name":"英雄の穴倉","ap":21,"kizuna":755,"exp":20056,"qp":10140,"dropRate":{"octuplet":0.272,"ring":0.255,"berserker_magic_gem":0.335,"berserker_secret_gem":0.032}},{"area":"诸神的黄昏","name":"雪と氷の城","ap":21,"kizuna":775,"exp":21256,"qp":10400,"dropRate":{"steel":0.384,"rider_magic_gem":0.461}},{"area":"诸神的黄昏","name":"果てへと至る道","ap":21,"kizuna":775,"exp":21256,"qp":10400,"dropRate":{"assassin_magic_gem":0.08,"lanugo":0.188,"ring":0.188,"berserker_magic_gem":0.33899999999999997}},{"area":"诸神的黄昏","name":"炎の館","ap":21,"kizuna":795,"exp":22488,"qp":10660,"dropRate":{"steel":0.24600000000000002,"ring":0.255,"rider_magic_gem":0.242,"berserker_magic_gem":0.20800000000000002}},{"area":"诸神的黄昏","name":"第67集落","ap":21,"kizuna":795,"exp":22488,"qp":10660,"dropRate":{"assassin_magic_gem":0.07200000000000001,"steel":0.262,"lanugo":0.16399999999999998,"rider_magic_gem":0.304}},{"area":"诸神的黄昏","name":"北の境界","ap":21,"kizuna":815,"exp":23752,"qp":10920,"dropRate":{"refuse":0.33399999999999996,"ring":0.23800000000000002,"berserker_magic_gem":0.45}},{"area":"诸神的黄昏","name":"忘れられた神殿","ap":21,"kizuna":815,"exp":23752,"qp":10920,"dropRate":{"steel":0.23199999999999998,"saber_secret_gem":0.038,"rider_magic_gem":0.366,"root":0.106}}]